????????,,,,,,,,,,
?????[Chinsanaa Ch],,,,,,,,,,
?????[2025-08-23 00:00:00] ?????[2026-05-17 23:59:59],,,,,,,,,,
?????[??],,,,,,,,,,
?????[2026-05-27 18:31:54],,,,,,,,,,
,,,,,,,,,,
?736???,,,,,,,,,,
???56? 1308.41?,,,,,,,,,,
???678? 17847.17?,,,,,,,,,,
?????2? 23.00?,,,,,,,,,,
??,,,,,,,,,,
1. ??/??/?????/?????/????????????????,,,,,,,,,,
2. ????????????????????????????,,,,,,,,,,
3. ???????????,,,,,,,,,,
4. ??????????UTC+08:00??,,,,,,,,,,
,,,,,,,,,,
----------------------??????????--------------------,,,,,,,,,,
????,????,????,??,?/?,??(?),????,????,????,????,??
2026-05-16 06:22:19,????,???????????????,08121??,??,Ą130.00,??(7939),????,4200003018202605169119626658,0byugdh5018539711300,/
2026-05-16 05:12:16,????,????,????,??,Ą300.00,??(7939),????,4200003019202605169089161488,20260516051202135893251317HMP,/
2026-05-15 23:12:50,????,??????????,KOGJingan?????????,??,Ą88.00,??(7939),????,4200003017202605153362345735,8001320307326135,/
2026-05-15 17:55:20,????,??????,??????????-????202605158644971616982419524,??,Ą3.00,??(7939),????,4200003104202605159797674267,20260515864497161698241952401,/
2026-05-15 17:23:32,??????,????,?????:?????,??,Ą254.00,??(7939),???,53110001682045202605150768895460,10001073012026051501425283069634,/
2026-05-15 17:04:31,??????,????,?????:?????,??,Ą382.50,??(7939),???,53110001526182202605152606658966,10001073012026051501882931970626,/
2026-05-15 03:09:46,????,?????,??????????,??,Ą18.80,??(7939),????,4200003118202605150219213660,02601504682158462087168,/
2026-05-15 02:40:07,????,????????????,Meow????????,??,Ą48.00,??(7939),????,4200003017202605151115178804,5383996161260515,/
2026-05-14 19:58:45,????,??,???????-??(????)-??App-26051411100300001305084850390535,??,Ą21.90,??(7939),????,4200003128202605142873632875,20260514195838U41507169239593606,/
2026-05-13 22:48:53,????,???,????-pos1,??,Ą35.50,??(7939),????,4200003026202605137196008652,240303121459901,/
2026-05-13 21:06:50,????,?????????,???????????????,??,Ą37.00,??(7939),????,4500000171202605137241660522,20260513110113130266232252476499,/
2026-05-13 21:02:44,????,?????????,???????????????,??,Ą14.00,??(7939),????,4500000166202605134065788694,20260513110113130266232252431582,/
2026-05-13 07:35:14,????,??????,POS?????????,??,Ą15.00,??(7939),????,4200003032202605139672339029,20260513073510440484,/
2026-05-13 00:40:47,????,??????,??????????-????202605138886541669785520422,??,Ą3.00,??(7939),????,4200003099202605138458384383,20260513888654166978552042201,/
2026-05-12 13:06:09,????,???,???????????                ,??,Ą14.90,VISA(9272),????,4200003102202605125148135894,22974296405598064640,/
2026-05-11 11:01:50,????,??,???????,??,Ą6.80,VISA(9272),????,4200003118202605117114886833,SXA1O11841422627,/
2026-05-11 07:44:22,????,??????,POS?????????,??,Ą17.00,VISA(9272),????,4200003122202605112320165741,20260511074418437517,/
2026-05-11 07:44:10,????,??????,POS?????????,??,Ą13.00,VISA(9272),????,4200003013202605113684002449,20260511074407437515,/
2026-05-10 22:02:50,????,???,?????-pos1,??,Ą24.70,??(7939),????,4200003122202605108536725869,200909198367701,/
2026-05-08 21:32:58,????,???????,M2403506000505022605080952472-???,??,Ą11.80,??(7939),????,4200003107202605087135123570,83620260508698515830,/
2026-05-08 19:50:23,????,???????,M2403506000505022605080808716-???,??,Ą6.46,??(7939),????,4200003046202605088727271259,83620260508696868555,/
2026-05-07 15:55:41,????,??,HeyGuac????????-??App-26050711100300001304003953562535,??,Ą36.71,???????(4401),????,4200003131202605074080632983,20260507155532U62478803109283840,/
2026-05-06 23:43:48,????,????,PET??????????600ml;,??,Ą7.00,??(7939),????,4500000170202605068418247941,260506234329236RM09001,/
2026-05-06 21:33:04,????,??,Popeyes??·??·??(??????)-??App-26050611100300001303923789326535,??,Ą25.30,??(7939),????,4200003055202605062004323762,20260506213257U87732294042643261,/
2026-05-06 12:34:26,????,??????,POS?????????,??,Ą25.00,??(7939),????,4200003033202605064768073240,20260506123422433314,/
2026-05-05 17:34:34,????,???,????XP2426050517100526723323002371,??,Ą21.70,??(7939),????,4500000141202605051675236196,XP2426050517100526723323002371,/
2026-05-05 07:56:44,????,??????,POS?????????,??,Ą8.00,???????(4401),????,4200003116202605052496874166,20260505075642430309,/
2026-05-05 07:53:52,????,??????,POS?????????,??,Ą5.00,???????(4401),????,4200003025202605052449642066,20260505075349430306,/
2026-05-04 13:07:35,????,?????,????909700212171707762,??,Ą17.60,???????(4401),????,4200003118202605048540626796,0461368606550803775404259,/
2026-05-04 13:05:43,????,???????,M2403506000505022605040294124-???,??,Ą7.80,???????(4401),????,4200003032202605043325470123,83620260504911899385,/
2026-05-03 20:18:55,????,???,????-pos1,??,Ą17.50,???????(4401),????,4200003105202605030423759876,240303120968301,/
2026-05-03 16:44:58,????,??????,/,??,Ą128.81,??(7939),????,4427502283202605036696964892,11160602626050331859231218990,/
2026-05-03 00:07:18,????,???,????-pos1,??,Ą9.90,???????(4401),????,4200003013202605037453752090,240303120937201,/
2026-05-02 12:13:22,????,??,???????,??,Ą6.50,???????(4401),????,4200003110202605022614899188,SXA1O10618692026,/
2026-05-02 11:55:04,????,???????,?????????,??,Ą20.10,???????(4401),????,4200003115202605022309019338,WP310414224322872050226115502,/
2026-05-02 10:58:40,????,LA BARAKA UV,????909700212081671563,??,Ą25.20,???????(4401),????,4200003112202605027404762320,0461368606544531578007368,/
2026-05-02 08:05:13,????,???,????-pos1,??,Ą11.90,???????(4401),????,4200003118202605025440013148,240303120894401,/
2026-05-01 18:30:55,????,???????,M2403506000505022605010687761-???,??,Ą19.80,???????(4401),????,4200003124202605011634201869,83620260501682206481,/
2026-05-01 02:23:20,????,??,???????,??,Ą14.50,???????(4401),????,4200003017202605017171342658,SXA1O10543042126,/
2026-04-30 22:30:21,????,???,????-pos1,??,Ą16.80,???????(4401),????,4200003018202604300688710848,240303120821401,/
2026-04-30 21:42:55,????,??,Popeyes??·??·??(??????)-??App-26043011100300001302896636611535,??,Ą28.30,???????(4401),????,4200003049202604309618197148,20260430214243U69121061397603735,/
2026-04-30 18:36:36,????,??7-ELEVEN,7-ELEVEn????REDEMPTION,??,Ą6.50,???????(4401),????,4200003018202604308456927886,744235653599,/
2026-04-29 22:35:43,????,??????,???x1?,??,Ą2.50,??,????,4200003060202604298909761657,7895214479989527,/
2026-04-29 12:37:54,????,??????,POS?????????,??,Ą5.00,???????(4401),????,4200003013202604296651612032,20260429123752425983,/
2026-04-28 14:01:38,????,??????,??????????-????202604280121261616982419429,??,Ą5.00,???????(4401),????,4200003017202604286867502988,20260428012126161698241942901,/
2026-04-28 11:54:01,????,??????????????,????,??,Ą18.00,???????(4401),????,4200003069202604280928458724,83620260428757502115,/
2026-04-28 11:51:39,????,???????,M2403506000505022604280192436-???,??,Ą27.40,???????(4401),????,4200003115202604284006152962,83620260428391070780,/
2026-04-27 12:20:03,????,??????,POS?????????,??,Ą5.00,???????(4401),????,4200003013202604274864586887,20260427122001421736,/
2026-04-26 17:49:46,????,??,TACO BELL·????·??(?????)-??App-26042611100300001302231338120535,??,Ą36.10,???????(4401),????,4200003052202604261530517002,20260426174934U86848098469103872,/
2026-04-26 16:41:00,????,??????,??????????-????202604264324361616982419429,??,Ą7.00,???????(4401),????,4200003032202604266761053946,20260426432436161698241942901,/
2026-04-26 12:19:27,????,??????,??????????-????202604266185961616982419429,??,Ą7.00,??,????,4200003040202604261500472127,20260426618596161698241942901,/
2026-04-26 11:52:14,????,??????,POS?????????,??,Ą5.00,???????(4401),????,4200003118202604260232833279,20260426115211420340,/
2026-04-25 18:29:15,????,???,???????????                ,??,Ą13.90,???????(4401),????,4200003018202604258642741464,22968217134983073792,/
2026-04-25 17:37:15,????,floating kitchen,????,??,Ą58.00,???????(4401),????,4200003055202604258638559540,1000426042517370897060841,/
2026-04-24 20:19:53,????,???????,M2403506000505022604240803631-???,??,Ą16.00,???????(4401),????,4200003104202604240568985452,83620260424700900080,/
2026-04-24 13:36:46,????,???????,M2403506000505022604240310407-???,??,Ą7.80,???????(4401),????,4200003020202604240749013611,83620260424793829421,/
2026-04-24 02:29:50,????,??,??:30004052297426,??,Ą6.20,???????(4401),????,4200003028202604245647413817,002226042402294898893825,/
2026-04-23 21:41:21,????,???????,M2403506000505022604230822068-???,??,Ą23.50,???????(4401),????,4200003111202604236499399402,83620260423927918920,/
2026-04-23 13:08:39,????,?????,????909700211744102764,??,Ą17.60,???????(4401),????,4200003040202604232736744518,0461368606524714272704259,/
2026-04-23 12:29:04,????,??,????-26042311100300001301692864639535,??,Ą28.52,???????(4401),????,4200003089202604231681113283,20260423122854U08279922484093809,/
2026-04-22 12:33:53,????,??????,POS?????????,??,Ą5.00,??(7939),????,4200003034202604222105236521,20260422123350416122,/
2026-04-21 17:45:12,?????,Misheel.S,?????:?????,??,Ą10.00,??,???,10001073012026042101040460158553,/,/
2026-04-21 17:44:19,????,??,PizzaStreet??????·???????-??App-26042111100300001301454148881535,??,Ą21.90,??,????,4200003134202604215221007268,20260421174412U53972981433543201,/
2026-04-20 12:30:27,????,??????,POS?????????,??,Ą5.00,??(7939),????,4200003033202604200952136942,20260420123023412113,/
2026-04-19 11:00:35,????,??,???????,??,Ą23.80,??(7939),????,4200003115202604191233308166,SXA1O9811324226,/
2026-04-18 13:26:11,????,??,??????????????????-??App-26041811100300001300940547213535,??,Ą24.60,??(7939),????,4200003093202604180802413848,20260418132604U32685670974803333,/
2026-04-18 07:43:02,????,???,????-pos1,??,Ą11.90,??(7939),????,4200003025202604187806800530,240303120242001,/
2026-04-17 22:18:41,?????,Yesui Battogtokh,?????:?????,??,Ą21.00,??,???,10001073012026041700772406465175,/,/
2026-04-17 15:54:28,????,??????,??????????-????202604172603141616982419429,??,Ą7.00,??(7939),????,4200003032202604172533209419,20260417260314161698241942901,/
2026-04-17 13:04:17,????,??????,POS?????????,??,Ą12.00,??(7939),????,4200003122202604178484606991,20260417130413410433,/
2026-04-16 19:36:36,????,??????,??????????-????202604161908191669785520422,??,Ą7.00,??,????,4200003030202604163944998077,20260416190819166978552042201,/
2026-04-16 11:20:25,????,??,????????????-??App-26041611100300001300604598566535,??,Ą29.00,??(7939),????,4200003079202604164714140258,20260416112018U68443713414793742,/
2026-04-15 20:44:16,????,??????,??????????-????202604156996651616982419429,??,Ą3.00,??,????,4200003043202604157160195092,20260415699665161698241942901,/
2026-04-15 12:35:06,????,??????,POS?????????,??,Ą25.00,??(7939),????,4200003026202604150825667112,20260415123502407081,/
2026-04-15 11:12:39,????,??????,??????????-????202604159556271616982419476,??,Ą3.00,??,????,4200003031202604152713706342,20260415955627161698241947601,/
2026-04-14 17:43:00,????,??,Popeyes??·??·??(??????)-??App-26041411100300001300378818411535,??,Ą24.90,??(7939),????,4200003095202604142418926162,20260414174249U83339691254963363,/
2026-04-14 12:54:53,????,???????,???-M2403506000505022604140213583,??,Ą31.80,??(7939),????,4200003034202604141210630516,83620260414387201131,/
2026-04-14 12:29:50,????,?????,????909700211440022768,??,Ą17.60,??(7939),????,4200003123202604146733705873,0461368606506144840204259,/
2026-04-13 17:08:27,????,??????,POS?????????,??,Ą35.00,??(7939),????,4200003048202604131832005230,20260413170823403883,/
2026-04-13 16:52:47,????,??????,??????????-????202604130825151616982419429,??,Ą7.00,??,????,4200003040202604139741305851,20260413082515161698241942901,/
2026-04-13 12:36:14,????,??????,POS?????????,??,Ą25.00,??(7939),????,4200003048202604134152740559,20260413123610403393,/
2026-04-13 12:30:47,??????-??,??????,??????,??,Ą7.00,??,?????,50302906942026041335590581660,,/
2026-04-13 12:30:21,????,??????,??????????-????202604130114571616982419476,??,Ą7.00,??,?????,4200003042202604134250043429,20260413011457161698241947601,/
2026-04-04 13:00:19,????,????,CHAGEE???????????S2???????????,??,Ą22.00,??(7939),????,4200003042202604040525589227,440214012910000572604040472495,/
2026-04-04 12:25:50,????,????????????,????????????,??,Ą58.00,??(7939),????,4200003036202604043361773343,20260404122546451545232691,/
2026-04-04 11:46:05,????,?????????????,?????????????,??,Ą9.80,??,????,4200003111202604048339278970,20260404114604112764244643,/
2026-04-04 10:03:21,????,???????,???-M2403506000505022604040051026,??,Ą13.30,??,????,4200003033202604040365619609,83620260404901034225,/
2026-04-04 03:13:10,?????,Yesui Battogtokh,?????:?????,??,Ą42.00,??,???,10001073012026040400822943141174,/,/
2026-04-03 21:26:11,????,???,????-pos1,??,Ą15.50,??(7939),????,4200003121202604036317866681,240303119723401,/
2026-04-03 18:26:38,????,??????????????,????,??,Ą16.00,??(7939),????,4200003066202604031997553717,83620260403331430370,/
2026-04-03 17:21:53,????,??,????·?????????????-??App-26040311100300001308656077027535,??,Ą23.90,??(7939),????,4200003089202604039299389321,20260403172145U67596942460193052,/
2026-04-03 12:19:16,????,??????,??????????-????202604039901811616982419429,??,Ą3.00,??(7939),????,4200003106202604033044805760,20260403990181161698241942901,/
2026-04-03 12:02:44,????,??????,POS?????????,??,Ą25.00,??(7939),????,4200003047202604037118402082,20260403120240401414,/
2026-04-03 01:15:30,????,???,????-pos1,??,Ą6.50,??(7939),????,4200003100202604037701201709,240303119703201,/
2026-04-02 12:28:46,????,??,Popeyes??·??·??(??????)-??App-26040211100300001308464572555535,??,Ą67.60,??(7939),????,4200003125202604029611380066,20260402122837U06108613755013974,/
2026-04-02 02:02:47,????,??????,/,??,Ą13.90,??(7939),????,4438902461202604028438798078,11020600726040296030745218990,/
2026-04-01 21:16:30,????,???????,???-M2403506000505022604010851771,??,Ą22.70,??(7939),????,4200003019202604012456094176,83620260401742758821,/
2026-04-01 20:08:02,????,??????,/,??,Ą27.60,??(7939),????,4425502482202604016343989148,11200600726040176978067218990,/
2026-04-01 17:04:50,????,??,?????·??(???)-??App-26040111100300001308359702435535,??,Ą33.00,??(7939),????,4200003070202604013251142405,20260401170444U76952663655563424,/
2026-03-31 17:12:27,????,??????,POS?????????,??,Ą28.00,??(7939),????,4200003111202603310892662291,20260331171223396781,/
2026-03-31 12:50:01,????,???????,???-M2403506000505022603310284160,??,Ą10.00,??(7939),????,4200003114202603314964725830,83620260331939116895,/
2026-03-31 12:35:43,????,?????,????909700210953808257,??,Ą15.84,??(7939),????,4200003036202603311237994267,0461368606476464033404259,/
2026-03-30 20:14:08,????,????,?????????????-??,??,Ą9.90,??(7939),????,4200003105202603301547883591,ZD8Qa260330201403,/
2026-03-30 12:30:20,????,??????,POS?????????,??,Ą10.00,??(7939),????,4200003041202603306452262169,20260330123017394055,/
2026-03-29 17:05:32,????,??,Popeyes??·??·??(??????)-??App-26032911100300001307934525120535,??,Ą24.30,??(7939),????,4200003125202603298395403494,20260329170525U07163906991113643,/
2026-03-29 12:58:19,????,???,?????-pos1,??,Ą17.40,??(7939),????,4200003023202603299476610263,200909196784601,/
2026-03-29 02:32:27,??????,Steve,?????:?????,??,Ą10.00,??(7939),???,53110001420214202603293826739646,10001073012026032901438081387519,/
2026-03-28 22:22:39,????,???????,???-M2403506000505022603280965264,??,Ą7.80,??(7939),????,4200003021202603285704666480,83620260328651129429,/
2026-03-28 17:59:49,????,?????,?????,??,Ą15.90,??(7939),????,4200003104202603287952756731,20260328CCd26u2p,/
2026-03-27 23:00:57,????,???,????-pos1,??,Ą16.80,??(7939),????,4200003017202603276408799828,240303119436201,/
2026-03-27 20:04:37,????,???????,????XP2226032720100891499599002016,??,Ą19.84,??(7939),????,4200003050202603277817979073,XP2226032720100891499599002016,/
2026-03-27 19:29:18,????,???,?????-pos1,??,Ą5.80,??(7939),????,4200003047202603273956834694,200909196743801,/
2026-03-27 18:10:04,????,??????,??/????????-03274719807235852125839,??,Ą27.00,??(7939),????,4200003140202603276449307637,0461368606468396397206353,/
2026-03-27 13:06:46,????,??????,??????????-????202603273197131616982419524,??,Ą6.00,??(7939),????,4200003119202603272488429309,20260327319713161698241952401,/
2026-03-26 22:19:25,????,??,???????-??(????)-??App-26032611100300001307488298171535,??,Ą21.90,??(7939),????,4200003009202603264194421711,20260326221915U25330315346713636,/
2026-03-26 09:19:36,????,??,???????,??,Ą14.60,??(7939),????,4200003116202603263997671887,SXA1O8087578727,/
2026-03-26 01:04:53,????,??,?????????????????(1L?)?3???-???????-26032611100300001307359928181535,??,Ą61.00,??(7939),????,4200002999202603264610355657,20260326010445U17802266829703049,/
2026-03-25 17:09:30,????,??????,POS?????????,??,Ą28.00,??(7939),????,4200002992202603251536774706,20260325170927389272,/
2026-03-24 22:40:49,????,???,????-pos1,??,Ą8.80,??(7939),????,4200003013202603246983495381,240303119313301,/
2026-03-24 20:09:01,????,???,?????-pos1,??,Ą5.00,??(7939),????,4200002992202603247728845077,200909196615601,/
2026-03-24 18:58:33,????,??????,??????????-????202603242517181616982419429,??,Ą6.00,??(7939),????,4200003028202603241255934807,20260324251718161698241942901,/
2026-03-24 13:27:59,????,???,????-pos1,??,Ą7.80,??(7939),????,4200003097202603245650539772,240303119296301,/
2026-03-24 11:55:19,????,??,?????·??(???)-??App-26032411100300001307120905640535,??,Ą29.00,??(7939),????,4200003071202603241240853202,20260324115507U06833922295003857,/
2026-03-23 17:58:47,????,??,????????????31????-??App-26032311100300001307033397908535,??,Ą37.90,??(7939),????,4200003078202603236362063174,20260323175835U97684522927153278,/
2026-03-23 12:59:02,????,??????,??????????-????202603238061991616982419429,??,Ą7.00,??(7939),????,4200003031202603232797190689,20260323806199161698241942901,/
2026-03-23 12:29:37,????,??????,POS?????????,??,Ą5.00,??(7939),????,4200003018202603230233487812,20260323122933384423,/
2026-03-23 11:18:26,????,??????,/,??,Ą27.90,??(7939),????,4416002236202603235210332519,11110600726032304031397218990,/
2026-03-22 14:02:59,????,LAWSON,LAWSON???????????,??,Ą22.60,??(7939),????,4200003033202603222961256359,732897860488,/
2026-03-22 13:00:10,????,??,THREEFIVE·???????????-??App-26032211100300001306837439250535,??,Ą21.90,??(7939),????,4200003081202603221941588383,20260322130002U22466058609453537,/
2026-03-22 10:31:20,????,????,????933777?,??,Ą5.00,??,????,4500000119202603223686485651,150143093821626032210311420398,/
2026-03-21 23:55:32,????,LAWSON,LAWSON???????????,??,Ą9.90,??(7939),????,4200002985202603210193812396,732794290788,/
2026-03-21 23:23:13,????,LAWSON,LAWSON???????????,??,Ą9.90,??(7939),????,4200002992202603210605011589,732789278288,/
2026-03-21 14:39:21,????,7-11????,7-ELEVEn?????????,??,Ą6.80,??(7939),????,4200002989202603219276470637,732640990199,/
2026-03-21 13:44:26,????,???????????,????,??,Ą30.00,??(7939),????,4200003025202603217891242887,451164638061108815462454,/
2026-03-21 02:40:14,????,??,???????,??,Ą14.50,??(7939),????,4200003019202603219932082781,SXA1O7791546527,/
2026-03-21 00:13:20,????,Habibi,????909700210610790032,??,Ą45.00,??(7939),????,4200003041202603217554375041,0461368606454879479908440,/
2026-03-20 23:18:01,????,??7-ELEVEN,7-ELEVEn??????,??,Ą26.00,??(7939),????,4200003013202603204620413390,732508638499,/
2026-03-20 21:08:17,????,???????,???-M2403506000505022603200712340,??,Ą16.00,??(7939),????,4200002982202603207058965791,83620260320334567673,/
2026-03-20 00:45:33,????,???,????-pos1,??,Ą14.50,??(7939),????,4200002991202603204242623137,240303119127601,/
2026-03-19 21:14:17,????,???????,???-M2403506000505022603190833008,??,Ą13.30,??(7939),????,4200003022202603199528189011,83620260319743828483,/
2026-03-19 12:32:38,????,??????????????,????,??,Ą24.00,??(7939),????,4200003075202603194412706636,83620260319603798695,/
2026-03-18 20:34:12,????,???????,???-M2403506000505022603180593550,??,Ą8.00,??(7939),????,4200002973202603189296846981,83620260318728645529,/
2026-03-18 12:17:39,????,??????,POS?????????,??,Ą28.00,??(7939),????,4200002984202603181519792839,20260318121735378949,/
2026-03-17 17:20:19,????,???????,???-M2403506000505022603170345662,??,Ą30.73,??(7939),????,4200002978202603172327643224,83620260317679958184,/
2026-03-17 12:31:16,????,??????,POS?????????,??,Ą1.00,??(7939),????,4200002990202603179233724697,20260317123112376896,/
2026-03-17 12:30:24,????,??????,POS?????????,??,Ą22.00,??(7939),????,4200003045202603179752157199,20260317123020376883,/
2026-03-16 20:52:53,????,??,TACO BELL·????·??(?????)-??App-26031611100300001306022894206535,??,Ą29.00,??(7939),????,4200003050202603168531791285,20260316205240U68575046043543974,/
2026-03-16 12:21:24,????,??????,POS?????????,??,Ą15.00,??(7939),????,4200003027202603164745917311,20260316122120374751,/
2026-03-16 12:18:20,????,??????,POS?????????,??,Ą5.00,??(7939),????,4200002970202603161769482050,20260316121816374725,/
2026-03-15 17:52:58,????,??,Popeyes??·??·??(??????)-??App-26031511100300001305855889491535,??,Ą25.90,??(7939),????,4200003053202603158925464128,20260315175250U92171757077273550,/
2026-03-15 12:15:24,????,???????,???-M2403506000505022603150220104,??,Ą13.30,??(7939),????,4200003013202603159377246293,83620260315357518965,/
2026-03-15 11:55:05,????,?????,????909700210420961664,??,Ą15.84,??(7939),????,4200003029202603154402319050,0461368606443748260204259,/
2026-03-15 01:06:05,????,??,???????,??,Ą18.00,??(7939),????,4200003027202603150717842781,SXA1O7452924127,/
2026-03-13 23:51:13,????,???,????-pos1,??,Ą28.00,??(7939),????,4200003044202603134296917187,240303118906201,/
2026-03-13 21:47:46,????,???????,???-M2403506000505022603130825185,??,Ą24.60,??(7939),????,4200002979202603132832333644,83620260313758022313,/
2026-03-13 21:47:33,????,???????,???-M2403506000505022603130824828,??,Ą80.41,??(7939),????,4200003019202603130720963502,83620260313758020271,/
2026-03-13 12:41:29,????,??????,POS?????????,??,Ą25.00,??(7939),????,4200003030202603137026521842,20260313124125373108,/
2026-03-12 17:56:04,????,??,???????????-??App-26031211100300001305367104012535,??,Ą27.20,??(7939),????,4200003072202603127071583984,20260312175552U28181544960523529,/
2026-03-12 13:44:44,????,??????,??????????-????202603127741871616982419429,??,Ą8.00,??(7939),????,4200002983202603126993622821,20260312774187161698241942901,/
2026-03-11 19:27:37,????,??,???(????????)-??App-26031111100300001305248591313535,??,Ą25.00,??(7939),????,4200003050202603110983906315,20260311192729U34866420368593119,/
2026-03-11 12:20:58,????,??????,POS?????????,??,Ą11.00,??(7939),????,4200002972202603112134362554,20260311122054369286,/
2026-03-11 12:19:16,????,??????,POS?????????,??,Ą12.00,??(7939),????,4200003036202603116796746617,20260311121912369277,/
2026-03-11 10:42:30,????,???????,???-M2403506000505022603110071322,??,Ą11.00,??,????,4200003037202603111530674697,83620260311719027544,/
2026-03-10 11:18:41,????,??????,POS?????????,??,Ą5.00,??,????,4200002989202603104251846144,20260310111839366665,/
2026-03-09 18:07:46,????,??????,POS?????????,??,Ą32.00,??(7939),????,4200002982202603094891044371,20260309180743365935,/
2026-03-09 12:27:44,????,??????,POS?????????,??,Ą29.90,??,????,4200002982202603090789015777,20260309122742365056,/
2026-03-08 16:41:53,????,??,ALDI???????????-??App-26030811100300001304809724499535,??,Ą31.30,??,????,4200003054202603084900910438,20260308164145U46095971165263663,/
2026-03-08 00:27:56,????,???,?????500ml-51828020-518280201772900871761,??,Ą7.00,??,????,4500000141202603081872089509,0000217318826067,/
2026-03-07 23:31:53,????,??????,/,??,Ą23.00,??,????,4431602271202603071533891214,11230600726030715542228218990,/
2026-03-06 23:15:29,????,???,????-pos1,??,Ą10.50,??(7939),????,4200003048202603067025980280,240303118653101,/
2026-03-06 23:01:53,????,??,???????-??(????)-??App-26030611100300001304528011624535,??,Ą19.90,??,????,4200003063202603066610238347,20260306230145U54668411822373712,/
2026-03-06 22:35:44,????,????????????????,??? x 2,??,Ą536.00,??(7939),????,4200003082202603065805702854,260306115291936208,/
2026-03-06 22:34:12,?????,dudu,?????:?????,??,Ą134.00,??,???,10001073012026030600333904021146,/,/
2026-03-06 11:58:41,????,??????,POS?????????,??,Ą15.00,??(7939),????,4200002981202603065337742644,20260306115837363094,/
2026-03-06 11:55:27,????,??????,POS?????????,??,Ą5.00,??(7939),????,4200003019202603064179045617,20260306115523363078,/
2026-03-05 12:41:58,????,??,????????????SK????-??App-26030511100300001304299687835535,??,Ą35.10,??(7939),????,4200003073202603051505554130,20260305124150U70758521078513398,/
2026-03-04 19:46:30,????,??,HeyGuac????????-??App-26030411100300001304229757437535,??,Ą49.40,??(7939),????,4200003068202603046597290386,20260304194620U15170307400103026,/
2026-03-04 12:31:30,????,??????,POS?????????,??,Ą5.00,??(7939),????,4200002990202603042689847633,20260304123127359644,/
2026-03-04 12:30:53,????,??????,POS?????????,??,Ą18.00,??(7939),????,4200003030202603048029224116,20260304123049359634,/
2026-03-03 19:41:59,????,??,????????????-??App-26030311100300001304091676700535,??,Ą25.50,??(7939),????,4200003054202603031669648281,20260303194152U80034143150703972,/
2026-03-03 19:04:25,????,??,???x1?,??,Ą2.50,??(7939),????,4200003075202603039517438393,7895210552921678,/
2026-03-03 14:01:46,????,??????,POS?????????,??,Ą8.00,??(7939),????,4200002969202603031138354306,20260303140142357992,/
2026-03-02 20:28:32,????,??,??????????-??App-26030211100300001303958786045535,??,Ą27.40,??(7939),????,4200003066202603028409950731,20260302202825U73299921674723518,/
2026-03-02 17:28:28,????,??,???x1?,??,Ą2.50,??(7939),????,4200003009202603024208674345,7895088512052690,/
2026-03-02 15:07:51,????,??????,??????????-????202603023405341616982419429,??,Ą7.00,??(7939),????,4200003040202603024197843781,20260302340534161698241942901,/
2026-03-02 12:22:06,????,??????,POS?????????,??,Ą24.00,??(7939),????,4200003020202603023311281527,20260302122202355485,/
2026-03-01 15:34:01,????,???????,???-M2403506000505022603010234713,??,Ą18.30,??(7939),????,4200002985202603017628324171,83620260301664931942,/
2026-03-01 15:16:39,????,Holy Bagel,HOLYBAGEL3??????,??,Ą43.00,???????(4401),????,4200003047202603013439842301,1000709109926060,/
2026-02-28 23:21:42,????,???,????-pos1,??,Ą16.50,??(7939),????,4200002979202602285971451780,240303118458301,/
2026-02-28 20:15:09,????,?????,????909700209917434383,??,Ą17.60,??(7939),????,4200003016202602289581138779,0461368606413897149004259,/
2026-02-28 14:15:16,????,???????,???-M2403506000505022602280225163,??,Ą37.43,??(7939),????,4200002974202602285931206884,83620260228651214130,/
2026-02-28 13:36:08,????,??????????????,????,??,Ą24.00,??(7939),????,4200003063202602288128066596,83620260228354871493,/
2026-02-27 20:00:17,???-??,???,???,??,Ą410.39,??(7939),?????,50301906172026022707118371511,,/
2026-02-27 11:51:05,????,???????,???-M2403506000505022602270126572,??,Ą15.00,??(7939),????,4200003045202602272697740227,83620260227339045534,/
2026-02-26 18:25:27,????,??????,POS?????????,??,Ą18.00,??(7939),????,4200003027202602260469804564,20260226182524352777,/
2026-02-26 13:28:14,????,???????,???-M2403506000505022602260142214,??,Ą9.50,??(7939),????,4200003021202602263314428377,83620260226746890424,/
2026-02-26 13:13:53,????,?????,????909700209848795418,??,Ą15.84,??(7939),????,4200002984202602269118815125,0461368606408415081704259,/
2026-02-25 19:56:23,????,???????,???-M2403506000505022602250441174,??,Ą9.00,??(7939),????,4200002983202602253624653447,83620260225911879052,/
2026-02-25 19:25:58,????,??????????????,????,??,Ą26.00,??(7939),????,4200003078202602257057084315,83620260225740108921,/
2026-02-25 16:34:49,????,???????,???-M2403506000505022602250200828,??,Ą9.59,??(7939),????,4200003028202602255397329536,83620260225737108897,/
2026-02-25 12:24:41,????,??????,POS?????????,??,Ą15.00,??(7939),????,4200003019202602255604144788,20260225122438350004,/
2026-02-25 12:21:57,????,??????,POS?????????,??,Ą5.00,??(7939),????,4200003041202602257716134925,20260225122154349980,/
2026-02-24 18:23:13,????,??????,POS?????????,??,Ą15.00,??(7939),????,4200003024202602246741918572,20260224182309348863,/
2026-02-24 18:17:40,????,??????,POS?????????,??,Ą16.00,??(7939),????,4200002977202602244778350104,20260224181736348848,/
2026-02-24 12:43:06,????,??????,??????????-????202602245002891616982419524,??,Ą3.00,??(7939),????,4200002971202602248333565496,20260224500289161698241952401,/
2026-02-24 11:47:59,????,??????,POS?????????,??,Ą16.00,??(7939),????,4200002974202602243061854555,20260224114756347544,/
2026-02-24 11:45:59,????,??????,POS?????????,??,Ą18.00,??(7939),????,4200003034202602245970245764,20260224114556347506,/
2026-02-23 17:32:37,????,??????,POS?????????,??,Ą28.00,??(7939),????,4200003045202602231900821323,20260223173234346442,/
2026-02-23 12:29:12,????,??????,POS?????????,??,Ą10.00,??(7939),????,4200003026202602234350891816,20260223122908345760,/
2026-02-23 12:26:22,??????-??,??????,??????,??,Ą25.00,??(7939),?????,50300806202026022382361610706,,/
2026-02-23 12:26:04,????,??????,POS?????????,??,Ą5.00,??(7939),????,4200003018202602231733718328,20260223122600345722,/
2026-02-23 12:24:19,????,??????,POS?????????,??,Ą25.00,??(7939),?????,4200003029202602230565458048,20260223122415345697,/
2026-02-23 11:06:38,????,??????,??????????-????202602231196651616982419476,??,Ą6.00,??,????,4200003038202602238115945575,20260223119665161698241947601,/
2026-02-22 04:13:51,????,?????,??????????,??,Ą15.00,??(7939),????,4200003040202602224893992359,02601474982481873858560,/
2026-02-20 23:10:14,????-??,????,????,??,Ą15.20,??(7939),?????,50303206312026022074070722262,,/
2026-02-20 21:39:36,????,??????,/,??,Ą71.10,??(7939),????,4408402251202602209754651061,11210600726022094176158218990,/
2026-02-19 23:14:41,????,??????,/,??,Ą15.70,??(7939),????,4430002455202602191992817209,11230600726021979941428218990,/
2026-02-19 23:10:49,????,Ganaa????,/,??,Ą1.98,/,?????,1000039801001602196222229343151,1000039801202602196222229343151,/
2026-02-19 23:09:59,????,??????,/,??,Ą15.20,??(7939),?????,4417302233202602197455484447,11230600726021947311979218990,/
2026-02-18 23:08:26,????,enni,/,??,Ą0.38,/,?????,1000039801001602187009527217259,1000039801202602187009527217259,/
2026-02-18 23:08:08,????,Munkh-Erdene,/,??,Ą0.38,/,?????,1000039801001602187058344981058,1000039801202602187058344981058,/
2026-02-18 13:36:48,????,Munkh-Erdene,/,??,Ą0.85,/,?????,1000039801006602187252584733634,1000039801202602187252584733634,/
2026-02-18 13:34:32,????,enni,/,??,Ą0.67,/,?????,1000039801007602187369896837066,1000039801202602187369896837066,/
2026-02-18 10:35:30,????,murun,/,??,Ą0.54,/,?????,1000039801011602186334657432468,1000039801202602186334657432468,/
2026-02-17 11:33:26,????,Laine,/,??,Ą0.28,/,?????,1000039801032602177428728166606,1000039801202602177428728166606,/
2026-02-16 22:49:43,????,enni,/,??,Ą0.27,/,?????,1000039801029602167368339757199,1000039801202602167368339757199,/
2026-02-13 19:11:37,????,?????,????909700209500139571,??,Ą17.60,??(7939),????,4200002996202602136626384412,0461368606385418435904259,/
2026-02-12 08:04:04,????,??????,POS?????????,??,Ą15.00,??(7939),????,4200002975202602128840447774,20260212080400341961,/
2026-02-12 02:32:55,????,??????,??????????-????202602129723381616982419524,??,Ą7.00,??(7939),????,4200002972202602124414791881,20260212972338161698241952401,/
2026-02-11 19:16:45,????,??,???????-??(????)-??App-26021111100300001301536435674535,??,Ą18.90,??(7939),????,4200003050202602118930796534,20260211191638U38996881982193648,/
2026-02-11 12:48:31,????,??????,POS?????????,??,Ą3.00,??(7939),????,4200003029202602118056046970,20260211124828341214,/
2026-02-11 12:40:13,????,??????,POS?????????,??,Ą5.00,??(7939),????,4200002969202602111038877340,20260211124010341120,/
2026-02-10 19:31:51,????,??,????????????-??App-26021011100300001301404865492535,??,Ą25.50,??(7939),????,4200003082202602102510463694,20260210193144U53063715922083482,/
2026-02-10 13:43:56,????,??????,/,??,Ą14.60,??(7939),????,4423502458202602101103334657,11130600726021065340922218990,/
2026-02-10 13:33:10,????,??????,/,??,Ą9.80,??(7939),????,4401602265202602107193821560,11130600726021067090887218990,/
2026-02-10 11:44:12,????,??,??????????????31693??-??App-26021011100300001301329115690535,??,Ą41.80,??(7939),????,4200003086202602104742868822,20260210114351U75623514235573844,/
2026-02-09 18:44:58,????,??,????(????????)??????????-???????-26020911100300001301251196104535,??,Ą25.00,??(7939),????,4200003089202602099369838867,20260209184451U11184442574373549,/
2026-02-09 12:42:53,????,??????,POS?????????,??,Ą16.00,??(7939),????,4200003033202602098292157619,20260209124249336857,/
2026-02-09 12:39:22,????,??????,POS?????????,??,Ą5.00,??(7939),????,4200003038202602094113444860,20260209123919336796,/
2026-02-09 10:57:28,????,??????,??????????-????202602098540501616982419476,??,Ą3.00,??,????,4200003020202602092552307698,20260209854050161698241947601,/
2026-02-08 19:39:33,????,?????????,???????????????,??,Ą45.00,??(7939),????,4200003082202602087549449799,20260208110113130266232005551075,/
2026-02-08 16:21:48,????,luckin coffee,????,??,Ą9.90,??(7939),????,4200002984202602087787448746,10118818854322279445,/
2026-02-08 11:56:14,????,??,????-26020811100300001301036457280535,??,Ą1.09,??,????,4200003084202602087655170154,20260208115606U58715562353053443,/
2026-02-06 19:17:03,????,??,????????????????-??App-26020611100300001300808341653535,??,Ą34.10,??(7939),????,4200003068202602065809921526,20260206191652U20186108641843278,/
2026-02-06 16:47:01,????,APIO???,APIO?????0002,??,Ą45.80,??(7939),????,4200003016202602060868523602,000200025420260206164649208,/
2026-02-06 12:39:23,????,??????,POS?????????,??,Ą28.00,??(7939),????,4200003021202602063430415532,20260206123919334762,/
2026-02-05 18:11:52,????,??????,/,??,Ą54.50,??(7939),????,4451002292202602054376554491,11180600726020568562328218990,/
2026-02-05 18:09:37,????,??????,/,??,Ą38.10,??(7939),????,4437402588202602053883913628,11180600726020559684794218990,/
2026-02-05 18:04:26,????,??,Popeyes??·??·??(??????)-??App-26020511100300001300644614674535,??,Ą22.90,??(7939),????,4200003088202602050598778643,20260205180408U13224026809573849,/
2026-02-05 13:19:47,????,?????,??/????????-02054719805098464493894,??,Ą18.00,??,????,4200003009202602054328304861,0461368606367347985704259,/
2026-02-04 12:35:20,????,??????,POS?????????,??,Ą29.00,??(7939),????,4200002971202602046450408697,20260204123515330847,/
2026-02-03 11:34:11,????,??????,POS?????????,??,Ą5.00,??(7939),????,4200003032202602031716478782,20260203113408328164,/
2026-02-03 11:33:04,????,??????,POS?????????,??,Ą18.00,??(7939),????,4200003024202602034472594663,20260203113300328148,/
2026-02-02 21:14:59,?????,Udval Lkhagvadorj,?????:?????,??,Ą8.00,??,???,10001073012026020200150944431196,/,/
2026-02-02 20:59:22,??????-??,??????,??????,??,Ą65.00,??(7939),?????,50100706122026020201503630428,,/
2026-02-02 20:51:53,????,??,????CAKE????·???????????-??App-26020211100300001300243753247535,??,Ą65.00,??(7939),?????,4200003055202602024888116796,20260202205142U63211869307823383,/
2026-02-02 18:58:15,?????,Udval Lkhagvadorj,?????:?????,??,Ą12.00,??,???,10001073012026020200731764948057,/,/
2026-02-02 12:39:13,????,??????,POS?????????,??,Ą18.00,??(7939),????,4200002987202602028660784503,20260202123909326500,/
2026-02-01 22:21:38,????,???????,???-M2403506000505022602010744610,??,Ą13.50,??(7939),????,4200003031202602017426525180,83620260201719564174,/
2026-01-31 23:54:22,????,??????????????,LeSoir(?????),??,Ą15.00,??(7939),????,4200002987202601312257123389,7895211011083751,/
2026-01-31 23:24:17,????,???,????-pos1,??,Ą14.50,??(7939),????,4200002971202601314602367005,240303117846601,/
2026-01-31 16:05:15,????,???????,???-M2403506000505022601310285170,??,Ą12.80,??(7939),????,4200002984202601312059491092,83620260131798359110,/
2026-01-31 16:01:49,????,???????,?????402974,??,Ą55.80,??(7939),????,4200003024202601310420767793,260131112487356734,/
2026-01-31 15:02:12,????,AMINO AMIGO,AMINO AMIGO,??,Ą59.00,??(7939),????,4200002960202601313833571539,202601311502058970010000012579,/
2026-01-31 12:43:31,????,??7-ELEVEN,????,??,Ą9.90,??(7939),????,4200002977202601317452762996,03213021260131124366,/
2026-01-31 03:42:53,????,??,???????,??,Ą5.00,??(7939),????,4200003034202601319664278688,SXA1O5391742027,/
2026-01-30 23:12:19,????,???,????-pos1,??,Ą15.50,??(7939),????,4200003046202601304718599364,240303117809801,/
2026-01-30 22:18:18,????,??,???????????????????-??App-26013011100300001309795455375535,??,Ą25.61,??(7939),????,4200002961202601308736900472,20260130221810U09006606665113490,/
2026-01-30 15:48:49,????,??????,??????????-????202601309656021616982419429,??,Ą7.00,??(7939),????,4200002980202601305386628447,20260130965602161698241942901,/
2026-01-30 12:15:17,????,??????,POS?????????,??,Ą18.00,??(7939),????,4200003018202601305146910304,20260130121514324317,/
2026-01-30 12:12:31,????,??????,POS?????????,??,Ą5.00,??(7939),????,4200003024202601307640898194,20260130121227324293,/
2026-01-29 22:20:50,????,???????,???-M2403506000505022601290649100,??,Ą30.30,??(7939),????,4200003043202601290124927970,83620260129909310911,/
2026-01-29 21:43:34,????,??,Popeyes??·??·??(??????)-??App-26012911100300001309645066529535,??,Ą27.90,??(7939),????,4200002939202601293817466744,20260129214326U97969475216013644,/
2026-01-29 19:16:45,????,??????,??????????-????202601291299691698918072390,??,Ą6.00,??,????,4200003016202601295358942199,20260129129969169891807239001,/
2026-01-29 17:45:39,????,????,?135****8790????,??,Ą30.00,??(7939),????,4200002959202601294051074025,00552026012917451603854537147742,/
2026-01-29 17:44:29,????,????,?135****8790????,??,Ą20.00,??(7939),????,4200002939202601295993177197,00552026012917432656797710456087,/
2026-01-29 16:24:33,??-??,/,????:????,??,Ą7.00,??,?????,132100005020106202601290011942470239289,,/
2026-01-29 11:30:23,????,??????,POS?????????,??,Ą24.00,??(7939),????,4200002975202601299155805459,20260129113019322258,/
2026-01-28 21:02:51,????,???????????,??/????????-01284881934338254002980,??,Ą18.00,???????(4401),????,4200002951202601280093049067,0461368606351631551203294,/
2026-01-28 21:00:33,????,???????,???-M2403506000505022601280564352,??,Ą20.00,??(7939),????,4200002970202601287904858291,83620260128761535446,/
2026-01-28 16:24:31,??,dudu,????:????,??,Ą7.00,??,?????,53010002575161202601281693229820,1000050001202601280437285029065,/
2026-01-28 16:24:13,????,????(4401),/,/,Ą7.00,???????(4401),????,110260128100081242148377388289,/,/
2026-01-28 12:32:45,????,??????,POS?????????,??,Ą18.00,??(7939),????,4200003020202601282900853749,20260128123241320618,/
2026-01-28 12:29:08,????,??????,POS?????????,??,Ą5.00,??(7939),????,4200002970202601283801095004,20260128122904320567,/
2026-01-28 00:01:06,????,???,1 283146 2026?02?28? mac demarco tour ??,??,Ą410.39,??(7939),?????,4200002969202601287276349859,xdyc1104627135580411,/
2026-01-27 21:44:48,????,???????,???-M2403506000505022601270622026,??,Ą7.50,??(7939),????,4200002899202601271637761159,83620260127343379963,/
2026-01-27 20:30:17,????,???????????,??/????????-01274881934293499811620,??,Ą24.00,???????(4401),????,4200003010202601274471654480,0461368606349610564503294,/
2026-01-27 14:08:55,????,??????,??????????-????202601274776731616982419429,??,Ą6.00,??(7939),????,4200002983202601270276237861,20260127477673161698241942901,/
2026-01-27 11:48:34,????,??????,POS?????????,??,Ą28.00,??(7939),????,4200002920202601279987763121,20260127114830317973,/
2026-01-26 18:29:57,????,??,??????????-??App-26012611100300001309202146441535,??,Ą22.90,??(7939),????,4200002938202601260213721908,20260126182950U39094339544383552,/
2026-01-26 12:37:32,????,??????,POS?????????,??,Ą5.00,??(7939),????,4200002996202601266947123042,20260126123728316032,/
2026-01-26 10:55:57,????,??????,??????????-????202601265009871616982419476,??,Ą3.00,??,????,4200002972202601268894149296,20260126500987161698241947601,/
2026-01-25 13:09:44,????,??????,/,??,Ą34.00,??(7939),????,4420802457202601256742422837,11130600726012510195615218990,/
2026-01-25 12:05:38,????,??????,??????,??,Ą41.00,??(7939),????,4200002971202601257109278400,WP3104379184652230125,/
2026-01-24 17:10:05,????,???????,????-???-M2403506000505022601240346384,??,Ą12.00,??(7939),????,4200002903202601244919009408,83620260124700900815,/
2026-01-24 10:08:09,????,??7-ELEVEN,????,??,Ą6.90,??(7939),????,4200002985202601241118152107,03213021260124100815,/
2026-01-23 18:04:03,????,???????,????-???-M2403506000505022601230333652,??,Ą3.00,??(7939),????,4200002980202601234721981243,83620260123667947914,/
2026-01-23 15:42:23,????,??,???·????(???)-??App-26012311100300001308713663987535,??,Ą37.90,??(7939),????,4200002943202601231631517988,20260123154213U45662427382243772,/
2026-01-23 12:43:15,????,??????,POS?????????,??,Ą16.00,??(7939),????,4200002990202601236448565780,20260123124311314204,/
2026-01-23 07:14:18,????,?????,??/????????-01234719804479694271814,??,Ą20.00,??(7939),????,4200002931202601231642834666,0461368606339574991904259,/
2026-01-22 21:40:33,????,???????,????-???-M2403506000505022601220587743,??,Ą29.80,??(7939),????,4200002978202601221234001915,83620260122375198897,/
2026-01-22 17:28:31,????,???????,????-???-M2403506000505022601220303531,??,Ą8.56,??(7939),????,4200002985202601225675557827,83620260122997015132,/
2026-01-22 11:19:50,????,??????,POS?????????,??,Ą1.00,??(7939),????,4200002973202601226600104268,20260122111946311566,/
2026-01-21 17:38:31,????,??,ALDI??????????????-??App-26012111100300001308455910004535,??,Ą43.85,??(7939),????,4200002945202601218227157524,20260121173823U90281029222783273,/
2026-01-21 10:56:31,????,??????,??????????-????202601219123041616982419476,??,Ą7.00,??(7939),????,4200002971202601212396790803,20260121912304161698241947601,/
2026-01-21 00:13:01,????,???,????-pos1,??,Ą14.50,??(7939),????,4200002969202601216171794059,240303117475301,/
2026-01-20 23:16:41,????,???,????-pos1,??,Ą17.00,??(7939),????,4200002986202601207022456818,240303117473601,/
2026-01-20 11:53:19,??,ujin ??,????:????,??,Ą16.00,??,?????,53010002569177202601203791743064,1000050001202601201937899667397,/
2026-01-20 11:52:58,????,????(4401),/,/,Ą16.00,???????(4401),????,110260120100081242047058702289,/,/
2026-01-20 11:50:42,????,??????,POS?????????,??,Ą32.00,??(7939),????,4200002981202601201356290867,20260120115039307202,/
2026-01-19 13:29:30,????,??,?TACO BELL·????·??(?????)????…-???????-26011911100300001308156054847535,??,Ą43.90,??(7939),????,4200002939202601190862814557,20260119132922U15707046627013991,/
2026-01-19 10:22:04,????,???????,????-???-M2403506000505022601190049110,??,Ą5.00,??(7939),????,4200002889202601195448072467,83620260119327853720,/
2026-01-18 20:10:42,????,???????,????-???-M2403506000505022601180668077,??,Ą14.60,??(7939),????,4200002912202601180088442194,83620260118721949995,/
2026-01-18 12:46:40,????,???????,????-???-M2403506000505022601180161608,??,Ą20.80,??(7939),????,4200002996202601184538099193,83620260118713746196,/
2026-01-18 12:09:54,????,Holy Bagel,HOLYBAGEL3??????,??,Ą42.00,??(7939),????,4200002885202601188056461874,1000380509926018,/
2026-01-05 18:48:08,????,??????,Tuition and Fees,??,Ą162.00,??(7939),????,4200002937202601058309716439,20260105184723694vxh5,/
2025-12-18 00:05:23,????,???(??)??????,???(??)??????,??,Ą120.90,??(7939),????,4200002984202512185627791478,20251218000519407281588489,/
2025-12-17 18:52:59,????,??????????????,???????  ??????,??,Ą4.00,??,????,4200002969202512177606754627,20251217000000101327161141000183,/
2025-12-17 18:47:57,????,??????????????,???????  ??????,??,Ą48.00,??(7939),????,4200002908202512178740446775,20251217000000101357614640000183,/
2025-12-17 18:31:52,????,????,???????????2?-??,??,Ą24.80,??(7939),????,4200002888202512175342430880,Z4KYa251217183147,/
2025-12-17 16:33:57,????,?????????????????,????????????,??,Ą38.00,??(7939),????,4200002918202512177820978503,20251217000000101325563523000059,/
2025-12-17 15:39:57,????,???????,????-???-M2403506000505022512170303368,??,Ą5.50,??(7939),????,4200002975202512177745577362,83620251217903699840,/
2025-12-16 21:17:05,????,??,Popeyes??·??·??(??????)-??App-25121611100300001303051332156535,??,Ą37.50,??,????,4200002946202512162611692050,20251216211658U80655292744543095,/
2025-12-16 17:19:13,????,???????,????-???-M2403506000505022512160382718,??,Ą19.50,??(7939),????,4200002889202512163620208017,83620251216989075934,/
2025-12-16 14:00:37,????,????,????61900867?,??,Ą8.00,??,????,4200002977202512161909980723,177058277521625121614003200294,/
2025-12-16 13:26:41,??,alex,????:????,??,Ą55.00,/,?????,1000050001202512160733260012523,/,/
2025-12-16 13:24:46,????,?????????,???????????????,??,Ą78.00,??(7939),????,4200002929202512163330978155,20251216110113130266231875423243,/
2025-12-16 13:07:05,????,JUNGLEplus???????,??Z????-???,??,Ą29.00,??(7939),????,4200002978202512167553529620,202512169T871031412450570300002,/
2025-12-16 11:25:02,????,???,???????????                ,??,Ą13.90,??(7939),????,4200002969202512160742721735,22920999950321913856,/
2025-12-16 00:25:39,????,???,????-pos1,??,Ą17.50,??(7939),????,4200002908202512162548605439,240303116589801,/
2025-12-15 21:27:17,????,KKV,KK-Store,??,Ą39.50,??(7939),????,4200002909202512155255375015,RVKKA859183184423440384,/
2025-12-15 13:15:35,????,??????,??????????-????202512150865381616982419429,??,Ą6.00,??,????,4200002891202512151183623252,20251215086538161698241942901,/
2025-12-15 10:53:39,????,??????,POS?????????,??,Ą32.00,??(7939),????,4200002919202512159150352598,20251215105335290416,/
2025-12-14 18:14:40,????,???,?????500ml-51828020-518280201765707273345,??,Ą7.00,??(7939),????,4200002919202512142020902008,0002916318825348,/
2025-12-14 14:13:31,????,???,????-pos1,??,Ą4.00,??(7939),????,4200002988202512141673908320,240303116521401,/
2025-12-14 13:40:56,????,?????,??/????????-12144719802658958242118,??,Ą20.00,??(7939),????,4200002960202512143999342608,0461368606257963892204259,/
2025-12-14 12:59:08,????,??,?????·??(???)-??App-25121411100300001302686513277535,??,Ą24.10,??(7939),????,4200002930202512145103558560,20251214125859U79769167790663416,/
2025-12-13 23:22:47,????,???,?????500ml-51828020-518280201765639361304,??,Ą7.00,??,????,4200002979202512135582773030,0004018318825347,/
2025-12-13 18:06:48,????,???????,????-???-M2403506000505022512130442601,??,Ą5.50,??(7939),????,4200002903202512136354823080,83620251213768798660,/
2025-12-13 18:03:19,????,???????????,??/????????-12134881932205498362660,??,Ą1.00,??,????,4200002951202512139759603144,0461368606256186250203294,/
2025-12-13 17:31:36,????,???????????,??/????????-12134881932202343149348,??,Ą24.00,???????(4401),????,4200002952202512133088709543,0461368606256057272003294,/
2025-12-13 01:18:08,????,???????,Meow•????????,??,Ą38.00,??(7939),????,4200002887202512136587415547,9000102402325347,/
2025-12-13 00:21:54,????,???,????-pos1,??,Ą17.00,??(7939),????,4200002983202512132526169801,240303116467102,/
2025-12-12 23:04:25,????,???,????-pos1,??,Ą9.00,??(7939),????,4200002886202512127784688136,240303116459501,/
2025-12-12 23:04:10,????,?????????,??????,??,Ą19.00,??(7939),????,4200002909202512127156420591,7895089067980270,/
2025-12-12 20:32:05,????,??????,??????????-????202512125582651616982419524,??,Ą6.00,??,????,4200002980202512126305123685,20251212558265161698241952401,/
2025-12-12 00:37:39,????,??,???????-??(????)-??App-25121211100300001302299301280535,??,Ą24.90,??(7939),????,4200002966202512129156820580,20251212003731U65926834463093598,/
2025-12-11 22:26:00,????,???????,????-???-M2403506000505022512110718213,??,Ą12.80,??(7939),????,4200002903202512113606965695,83620251211369249600,/
2025-12-11 21:47:25,????,YogurtDay?????????,????909700207331411535,??,Ą22.00,??(7939),????,4200002914202512115286069965,0461368606252635298802978,/
2025-12-11 16:35:50,????,???????,????-???-M2403506000505022512110327246,??,Ą15.30,??(7939),????,4200002918202512115401892221,83620251211363515786,/
2025-12-11 15:56:57,????,???????????,??/????????-12114881932105384355620,??,Ą24.00,??,????,4200002926202512117575177117,0461368606251818396803294,/
2025-12-11 10:40:51,????,???????,????-???-M2403506000505022512110073378,??,Ą3.50,??(7939),????,4200002902202512110460577485,83620251211358442905,/
2025-12-10 15:00:15,????,??????,??????????-????202512109909251616982419524,??,Ą6.00,??,????,4200002918202512104188376686,20251210990925161698241952401,/
2025-12-10 11:28:14,??,River,????:????,??,Ą49.00,/,?????,1000050001202512100223738146427,/,/
2025-12-10 11:25:30,????,??,?HeyGuac?????????????????4???-???????-25121011100300001302018729717535,??,Ą76.10,??(7939),????,4200002956202512101157934577,20251210112522U48644217242033457,/
2025-12-09 20:10:45,????,??????,/,??,Ą19.15,??(7939),????,4418402238202512090094929844,11200600725120925382398218990,/
2025-12-09 17:11:56,????,??,CoCo??(????????)-??App-25120911100300001301925142679535,??,Ą13.00,??(7939),????,4200002921202512094332974726,20251209171144U96314666680843209,/
2025-12-09 11:30:19,????,??????,POS?????????,??,Ą1.00,??(7939),????,4200002982202512098173741069,20251209113015282535,/
2025-12-09 11:28:40,????,??????,POS?????????,??,Ą22.00,??(7939),????,4200002910202512094758073975,20251209112837282514,/
2025-12-08 20:40:32,????,??,????????????31????-??App-25120811100300001301823136672535,??,Ą29.80,??(7939),????,4200002965202512088345037553,20251208204023U97621593293853157,/
2025-12-08 14:56:46,????,??,?????????,??,Ą14.00,??(7939),????,4200002939202512089140832408,1204802859346953748,/
2025-12-08 11:53:41,????,??????,??????????-????202512085786631616982419429,??,Ą6.00,??(7939),????,4200002893202512080270195612,20251208578663161698241942901,/
2025-12-08 11:09:02,????,??????,POS?????????,??,Ą28.00,??(7939),????,4200002988202512086022304566,20251208110858280010,/
2025-12-07 19:25:16,????,??,???(????????)-??App-25120711100300001301666652908535,??,Ą22.00,??(7939),????,4200002922202512075788922712,20251207192509U84374935225633457,/
2025-12-07 19:14:35,????,???,????310ml-51828020-518280201765106068525,??,Ą3.00,??(7939),????,4200002909202512072678565662,0003427318825341,/
2025-12-06 21:13:38,????,???????,????-???-M2403506000505022512060735801,??,Ą3.00,??(7939),????,4200002919202512063290394744,83620251206763856972,/
2025-12-06 19:45:14,????,???????,????-???-M2403506000505022512060627175,??,Ą16.80,??(7939),????,4200002907202512067973497972,83620251206394514159,/
2025-12-06 19:15:19,????,?????????????,?????????????,??,Ą24.00,??(7939),????,4200002964202512064631968006,7895089815439642,/
2025-12-06 03:18:42,????,???????,Meow•????????,??,Ą168.00,??(7939),????,4200002850202512063338823005,9000205602325340,/
2025-12-06 01:06:25,????,???,????-pos1,??,Ą17.50,??(7939),????,4200002975202512066303837388,240303116185201,/
2025-12-05 19:12:55,????,??????,??????????-????202512052211081698918072390,??,Ą3.00,??(7939),????,4200002913202512050058864774,20251205221108169891807239001,/
2025-12-05 12:33:11,????,??????,??????????-????202512056658011616982419429,??,Ą6.00,??(7939),????,4200002906202512055708092012,20251205665801161698241942901,/
2025-12-05 11:53:51,????,??????,POS?????????,??,Ą28.00,??(7939),????,4200002974202512059988141364,20251205115347278394,/
2025-12-04 17:25:28,????,??,TACO BELL·????·??(?????)-??App-25120411100300001301131266256535,??,Ą29.46,??(7939),????,4200002877202512049165645510,20251204172521U11298951782673998,/
2025-12-04 15:47:02,????,??????,??????????-????202512042686101616982419524,??,Ą6.00,??(7939),????,4200002899202512045750225964,20251204268610161698241952401,/
2025-12-04 15:46:14,????,??????,??????????-????202512048574831616982419524,??,Ą6.00,??(7939),????,4200002906202512040949437315,20251204857483161698241952401,/
2025-12-03 11:14:25,????,??????,POS?????????,??,Ą29.90,??(7939),????,4200002869202512036868110299,20251203111422273995,/
2025-12-02 17:00:26,????,??????,??????????-????202512028268631616982419429,??,Ą5.00,??,????,4200002894202512025870142590,20251202826863161698241942901,/
2025-12-02 16:39:18,????,??????,POS?????????,??,Ą3.00,??(7939),????,4200002870202512028360883759,20251202163915273067,/
2025-12-02 11:51:38,????,??????,??????????-????202512022208451616982419524,??,Ą3.00,??,????,4200002888202512020473915260,20251202220845161698241952401,/
2025-12-02 11:15:16,????,??????,POS?????????,??,Ą15.00,??(7939),????,4200002913202512029244574675,20251202111512271897,/
2025-12-01 18:44:33,????,???????,????-???-M2403506000505022512010513407,??,Ą4.00,??(7939),????,4200002849202512010336919313,83620251201665297921,/
2025-12-01 17:38:58,????,???,???????????                ,??,Ą27.90,??(7939),????,4200002915202512015109841851,22915658235004280832,/
2025-12-01 17:32:03,????,????(??)??????,????,??,Ą4.30,??(7939),????,4200002897202512012912117764,HMP2512010001191327691735040,/
2025-12-01 16:07:12,????,??????,/,??,Ą105.80,??(7939),????,4406802255202512018895867217,11160602625120165359230218990,/
2025-12-01 11:19:02,????,??????,POS?????????,??,Ą16.00,??(7939),????,4200002915202512017633288364,20251201111858269818,/
2025-11-29 21:43:19,????,??,???????-??(????)-??App-25112911100300001300424488465535,??,Ą23.90,??(7939),????,4200002953202511299341897043,20251129214308U40598323364743029,/
2025-11-29 13:25:22,????,??,????????????SK????-??App-25112911100300001300323916119535,??,Ą27.40,??(7939),????,4200002936202511298795445994,20251129132511U87510410199373868,/
2025-11-28 21:07:38,??,ujin ??,????:????,??,Ą9.00,/,?????,1000050001202511280120649198026,/,/
2025-11-28 21:04:49,????,??,??????????-??App-25112811100300001300235297191535,??,Ą65.30,??(7939),????,4200002940202511282041258252,20251128210440U19908589118663554,/
2025-11-27 18:48:54,????,?????,??/????????-11274719801905612739910,??,Ą20.00,??(7939),????,4200002964202511274353998382,0461368606223367464504259,/
2025-11-27 18:37:12,????,???????,????-???-M2403506000505022511270490651,??,Ą9.80,??(7939),????,4200002913202511275785958033,83620251127719024601,/
2025-11-26 19:40:10,????,??,????-25112611100300001309922647889535,??,Ą35.20,??(7939),????,4200002884202511263541949068,20251126194004U59227560756683854,/
2025-11-26 12:23:18,????,??????,/,??,Ą6.90,??(7939),????,4403702271202511265312369688,11120600725112620990444218990,/
2025-11-26 12:22:43,????,??????,/,??,Ą2.80,??(7939),????,4434102458202511266789861291,11120600725112690044870218990,/
2025-11-26 12:02:03,????,??????,??????????-????202511269009361616982419524,??,Ą3.00,??(7939),????,4200002891202511267631056918,20251126900936161698241952401,/
2025-11-26 11:17:33,????,??????,POS?????????,??,Ą28.00,??(7939),????,4200002908202511269749172492,20251126111730268056,/
2025-11-25 11:45:34,????,??????,POS?????????,??,Ą1.00,??(7939),????,4200002848202511257971787441,20251125114530266162,/
2025-11-25 11:43:25,????,??????,POS?????????,??,Ą18.00,??(7939),????,4200002908202511251717223841,20251125114321266122,/
2025-11-24 17:15:09,????,??????,POS?????????,??,Ą16.00,??(7939),????,4200002862202511248766217282,20251124171505264985,/
2025-11-24 14:30:30,????,???????????????,??????????500?1-9? W-L1-14???,??,Ą29.00,??(7939),????,4200002898202511248126761902,5814001900044702251124143026,/
2025-11-24 14:13:01,????,??????,??????????-????202511247326651616982419524,??,Ą3.00,??(7939),????,4200002911202511242755883519,20251124732665161698241952401,/
2025-11-24 11:16:19,????,??????,POS?????????,??,Ą28.00,??(7939),????,4200002892202511243125070121,20251124111616263696,/
2025-11-23 19:13:42,????,??,????????kebabs on the grille-??App-25112311100300001309467724311535,??,Ą52.00,??(7939),????,4200002881202511236283013903,20251123191334U20916083426633107,/
2025-11-23 15:52:23,????,???????,????-???-M2403506000505022511230399857,??,Ą11.50,??(7939),????,4200002852202511230956423237,83620251123635498564,/
2025-11-23 15:18:57,????,?????,??/????????-11234719801730248922438,??,Ą20.00,??(7939),????,4200002873202511236230521227,0461368606214943585104259,/
2025-11-23 00:05:53,????,???,????-pos1,??,Ą7.50,??(7939),????,4200002900202511239540336338,240303115661801,/
2025-11-22 20:36:03,????-??,????,????,??,Ą41.45,??(7939),?????,50303005232025112200805885139,,/
2025-11-22 20:34:09,????,??????,/,??,Ą15.99,??(7939),????,4423202580202511221699455799,11200600725112208720979218990,/
2025-11-22 15:17:22,????,???????,????-???-M2403506000505022511220348528,??,Ą6.00,??(7939),????,4200002890202511221805601257,83620251122976468561,/
2025-11-21 23:52:01,????,???,????-pos1,??,Ą16.80,??(7939),????,4200002857202511219582570683,240303115611501,/
2025-11-21 15:54:18,????,??,?????????-??App-25112111100300001309065911823535,??,Ą6.90,??(7939),????,4200002878202511217329229670,20251121155412U71452694610973350,/
2025-11-21 15:50:25,????,??,TACO BELL·????·??(?????)-??App-25112111100300001309065390492535,??,Ą31.66,??(7939),????,4200002941202511216344249333,20251121155009U61227988215393481,/
2025-11-21 13:05:06,????,??????,??????????-????202511217227251616982419524,??,Ą3.00,??(7939),????,4200002904202511213301540982,20251121722725161698241952401,/
2025-11-20 15:33:18,????,??????,??????????-????202511208984701616982419429,??,Ą5.00,??(7939),????,4200002900202511204905094756,20251120898470161698241942901,/
2025-11-20 01:07:57,????,???,??????600ml-51828020-518280201763572070450,??,Ą6.00,??(7939),????,4200002866202511208936591183,0000141918825324,/
2025-11-19 16:15:12,??,?app???-????-????,/,??,Ą0.11,/,???,139577920225111910104004622224665370124289081,1200014938903251119030111072702416414195,?app???-????-????
2025-11-19 16:14:53,??,?app???-????-????,/,??,Ą0.10,/,???,139577920225111910107004512256207512124289081,131000410004100149389032025111964968191317,?app???-????-????
2025-11-19 16:12:39,????,??,??????????-??App-25111911100300001308774681443535,??,Ą22.10,??(7939),????,4200002962202511191108990759,20251119161231U69723759330433739,/
2025-11-19 12:38:58,????,??????,??????????-????202511191801661616982419524,??,Ą6.00,??(7939),????,4200002919202511193859540946,20251119180166161698241952401,/
2025-11-19 11:14:46,????,??????,POS?????????,??,Ą2.00,??(7939),????,4200002852202511196916551284,20251119111443256753,/
2025-11-19 11:12:05,????,??????,POS?????????,??,Ą18.00,??(7939),????,4200002858202511198741586850,20251119111201256714,/
2025-11-18 21:57:03,????,???????,????XP1725111821101035208719000915,??,Ą24.60,??(7939),????,4200002878202511181166734824,XP1725111821101035208719000915,/
2025-11-18 21:36:38,????,???????,????XP2425111821100042253024002376,??,Ą1.20,??(7939),????,4200002869202511187546371744,XP2425111821100042253024002376,/
2025-11-18 18:40:29,????,???,PHHSWX20022565982661049290990,??,Ą34.90,??(7939),????,4200002916202511187493993684,WX20022565982661049290990,/
2025-11-18 11:38:07,????,??????,POS?????????,??,Ą32.00,??(7939),????,4200002919202511183030875043,20251118113803254647,/
2025-11-17 17:48:59,????,??????,POS?????????,??,Ą32.00,??(7939),????,4200002902202511174303761789,20251117174855253638,/
2025-11-17 16:02:09,????,??,?????????,??,Ą36.00,??(7939),????,4200002957202511170364879726,1197209222543052347,/
2025-11-17 11:09:52,????,??????,POS?????????,??,Ą28.00,??(7939),????,4200002866202511170263459048,20251117110949251984,/
2025-11-17 11:09:14,????,??????,POS?????????,??,Ą28.00,??(7939),????,4200002861202511170214969538,20251117110910251972,/
2025-11-16 21:42:51,????,???????,????-???-M2403506000505022511160908334,??,Ą13.50,??(7939),????,4200002900202511164538006283,83620251116631634282,/
2025-11-16 18:48:58,????,???,????310ml-51828020-518280201763290126629,??,Ą3.00,??(7939),????,4200002857202511162358407529,0003535618825320,/
2025-11-16 18:48:12,????,???,????310ml-51828020-518280201763290057173,??,Ą3.00,??(7939),????,4200002917202511167611633463,0003626618825320,/
2025-11-16 16:36:16,????,??,????·???????????????-???????-25111611100300001308338520769535,??,Ą23.80,??(7939),????,4200002966202511168994236079,20251116163606U57483200512513532,/
2025-11-16 00:25:35,????,???,????-pos1,??,Ą1.20,??(7939),????,4200002890202511165889055157,240303115380201,/
2025-11-15 21:04:00,??,Steve,????:????,??,Ą11.00,??,?????,53010002162150202511150866356353,1000050001202511150222091209696,/
2025-11-15 20:54:20,????,???????,????-???-M2403506000505022511150780002,??,Ą38.38,??(7939),????,4200002845202511153561952152,83620251115962731785,/
2025-11-15 15:35:54,????,???????,????-???-M2403506000505022511150407425,??,Ą17.39,??(7939),????,4200002905202511154295348835,83620251115372742980,/
2025-11-15 14:57:49,????,?????,??/????????-11154719801367684926790,??,Ą20.00,??,????,4200002875202511155093481078,0461368606197741132104259,/
2025-11-14 22:19:13,????,???????,????-???-M2403506000505022511140877427,??,Ą5.00,??(7939),????,4200002865202511149211573740,83620251114363439564,/
2025-11-14 18:11:51,??,Margad,????:????,??,Ą30.00,/,?????,1000050001202511140322817378836,/,/
2025-11-14 18:06:35,????,??,?Obligi Chicken????(????)????…-???????-25111411100300001307986705844535,??,Ą61.34,??(7939),????,4200002958202511142238150458,20251114180626U37096427520583868,/
2025-11-14 12:56:22,????,??????,POS?????????,??,Ą28.00,??(7939),????,4200002891202511147996903219,20251114125619250910,/
2025-11-14 10:59:13,????,??????,??????????-????202511149037851616982419476,??,Ą6.00,??(7939),????,4200002915202511149016549067,20251114903785161698241947601,/
2025-11-13 15:56:05,????,??,?????BrothersKebab?????-??App-25111311100300001307816094267535,??,Ą38.00,??(7939),????,4200002943202511130020239659,20251113155552U84657972265073506,/
2025-11-12 20:18:45,????,??,???????????-??App-25111211100300001307717905415535,??,Ą23.40,??(7939),????,4200002965202511123756896784,20251112201837U21994647061423108,/
2025-11-12 11:51:31,????,??,????????????SK????-??App-25111211100300001307639870165535,??,Ą32.80,??(7939),????,4200002875202511126090773475,20251112115118U45292465931263111,/
2025-11-11 19:07:55,????,??????,/,??,Ą41.45,??(7939),?????,4407402573202511118649256219,11190600725111192105981218990,/
2025-11-11 18:31:21,????,??????,/,??,Ą11.36,??(7939),????,4433602474202511115328873194,11180600725111168633826218990,/
2025-11-10 11:49:08,????,??????,??????????-????202511103877981616982419429,??,Ą6.00,??(7939),????,4200002913202511108088039468,20251110387798161698241942901,/
2025-11-10 11:08:33,????,??????,POS?????????,??,Ą28.00,??(7939),????,4200002856202511104828750353,20251110110830241114,/
2025-11-09 21:15:37,????,???,????310ml-51828020-518280201762694130737,??,Ą3.00,??(7939),????,4200002864202511092747745049,0004297918825313,/
2025-11-09 18:17:46,????,??,???·?????????-??App-25110911100300001307267291456535,??,Ą39.90,??(7939),????,4200002949202511099723893779,20251109181443U38544728310823391,/
2025-11-09 16:02:37,????,??????,/,??,Ą11.70,??(7939),????,4447302279202511090133457615,11160600725110953603274218990,/
2025-11-09 13:06:02,????,??????,POS?????????,??,Ą28.00,??(7939),????,4200002918202511095137538723,20251109130558240246,/
2025-11-08 22:40:44,????,???,????310ml-51828020-518280201762612837241,??,Ą3.00,??(7939),????,4200002862202511081062623020,0004770218825312,/
2025-11-08 20:17:27,????,??,???????-??(????)-??App-25110811100300001307115455332535,??,Ą21.90,??(7939),????,4200002926202511089572361969,20251108201720U23240472617783138,/
2025-11-08 16:15:20,????,???????,????-???-M2403506000505022511080420147,??,Ą2.50,??(7939),????,4200002909202511080525262965,83620251108695371986,/
2025-11-08 15:49:27,????,?????,??/????????-11084719801066227213638,??,Ą20.00,??(7939),????,4200002878202511083290635187,0461368606183353487804259,/
2025-11-08 14:13:47,????,??,???????,??,Ą8.80,??(7939),????,4200002915202511085236953850,SXA1O101317219428,/
2025-11-07 17:18:12,????,???????,????-???-M2403506000505022511070409185,??,Ą44.70,??(7939),????,4200002852202511070349133984,83620251107799049514,/
2025-11-07 15:56:16,????,???,????????????????-?????-2594209870878189594,??,Ą41.00,??(7939),????,4200002919202511079105003417,02546201831091297105032805986377,/
2025-11-07 10:57:18,????,??????,??????????-????202511070341001616982419476,??,Ą5.00,??(7939),????,4200002853202511077495888933,20251107034100161698241947601,/
2025-11-06 16:47:14,????,???,???,??,Ą36.00,??(7939),????,4200002886202511067734992538,12906585503860445184,/
2025-11-05 19:52:00,????,??,???????-??(????)-??App-25110511100300001306627793227535,??,Ą36.90,??(7939),????,4200002968202511058430008370,20251105195153U87555592642843692,/
2025-11-05 18:27:27,????,??????,??????????-????202511055818811698918072390,??,Ą3.00,??,????,4200002897202511053810505026,20251105581881169891807239001,/
2025-11-05 11:19:11,????,??????,??????????-????202511054733891616982419429,??,Ą6.00,??(7939),????,4200002915202511051015451867,20251105473389161698241942901,/
2025-11-04 18:02:11,????,??????,POS?????????,??,Ą28.00,??(7939),????,4200002848202511045101069606,20251104180208233347,/
2025-11-04 11:46:43,????,??????,POS?????????,??,Ą28.00,??(7939),????,4200002885202511042492733173,20251104114639232029,/
2025-11-03 20:41:26,????,??,???·????(???)-??App-25110311100300001306355727869535,??,Ą9.90,??,????,4200002956202511036301105384,20251103204120U64100213351303105,/
2025-11-03 20:36:06,??????-??,??????,??????,??,Ą9.90,??,?????,50102505222025110371700493136,,/
2025-11-03 20:27:33,??,Tselmeg Bayarjargal,????:??,??,Ą9.00,??,?????,53010002124076202511031362863474,1000050001202511030429347797473,/
2025-11-03 20:26:01,????,??,???·????(???)-??App-25110311100300001306352667951535,??,Ą9.90,??,?????,4200002871202511035040223367,20251103202555U25445506458073055,/
2025-11-03 14:30:43,????,??,???(????????)-??App-25110311100300001306295219671535,??,Ą32.00,??(7939),????,4200002943202511036943619662,20251103143035U31178665779533519,/
2025-11-03 12:36:54,????,??????,POS?????????,??,Ą5.00,??(7939),????,4200002892202511035280230001,20251103123650230200,/
2025-11-02 18:06:27,????,???????,????-???-M2403506000505022511020596204,??,Ą0.30,??(7939),????,4200002859202511025650024948,83620251102936049472,/
2025-11-02 18:05:45,????,???????,????-???-M2403506000505022511020594430,??,Ą20.80,??(7939),????,4200002904202511023510310748,83620251102604863486,/
2025-11-02 16:32:37,????,????,????61900867?,??,Ą7.20,??,????,4200002888202511020046176825,177058274421625110216323134468,/
2025-11-02 15:40:03,??,Steve,????:????,??,Ą30.00,/,?????,1000050001202511020125489482792,/,/
2025-11-02 15:39:50,????,?????????,???????????????,??,Ą61.00,??(7939),????,4200002961202511022863173216,20251102110113130266231770587535,/
2025-11-02 10:50:44,????,???,???,??,Ą27.80,??(7939),????,4200002886202511029152159730,12905046235203584000,/
2025-11-01 16:24:55,????,??,???????,??,Ą19.80,??(7939),????,4200002887202511016122935571,SXA1O100909590428,/
2025-11-01 08:44:58,????,??,???????,??,Ą9.90,??(7939),????,4200002856202511019150345583,SXA1O100882619528,/
2025-10-29 23:07:40,????,??????,/,??,Ą13.40,??,????,4428502582202510290848765597,11230600725102978060552218990,/
2025-10-29 16:00:10,??,Tara,????:????,??,Ą3.90,/,?????,1000050001202510290727595475319,/,/
2025-10-29 15:57:28,????,??,???????-??App-25102911100300001305500287079535,??,Ą11.70,??,????,4200002968202510291243314713,20251029155719U30067829678543610,/
2025-10-29 15:50:07,??,Tara,????:????,??,Ą18.00,/,?????,1000050001202510291428370826767,/,/
2025-10-29 11:13:35,????,??????,POS?????????,??,Ą26.00,??(7939),????,4200002890202510293387997240,20251029111331223178,/
2025-10-28 17:58:32,????,??????,POS?????????,??,Ą34.00,??(7939),????,4200002894202510285079218759,20251028175829222439,/
2025-10-28 11:40:21,????,??????,POS?????????,??,Ą28.00,??(7939),????,4200002865202510283815474996,20251028114017221018,/
2025-10-27 17:55:52,????,??????,POS?????????,??,Ą16.00,??(7939),????,4200002854202510272753113759,20251027175548220052,/
2025-10-27 01:07:29,????,???,????-pos1,??,Ą25.30,??(7939),????,4200002918202510270009485080,240303114483601,/
2025-10-26 00:38:38,????,??,???????,??,Ą32.80,??(7939),????,4200002901202510267608479078,SXA1O100508280028,/
2025-10-25 19:48:49,????,??????,/,??,Ą33.90,??(7939),????,4447602458202510258244662896,11190600725102546017715218990,/
2025-10-25 18:34:18,????,??,TACO BELL·????·??(?????)-??App-25102511100300001304928067491535,??,Ą51.18,??(7939),????,4200002875202510257993685876,20251025183407U29191575266633220,/
2025-10-25 00:30:31,????,???,????-pos1,??,Ą20.50,??(7939),????,4200002848202510253772609709,240303114380101,/
2025-10-25 00:21:37,????,???,????-pos1,??,Ą7.50,??(7939),????,4200002889202510256955308511,240303114379601,/
2025-10-24 15:48:09,????,???,???????????                ,??,Ą13.90,??(7939),????,4200002899202510245673678893,22901859607236231168,/
2025-10-24 12:35:25,????,??,????-25102411100300001304688333346535,??,Ą24.71,??(7939),????,4200002966202510244811119306,20251024123513U02049210818703145,/
2025-10-24 11:49:40,????,???(????),?????-pos1,??,Ą18.90,??(7939),????,4200002885202510247879128168,200909191698601,/
2025-10-24 01:57:26,????,???,??????600ml-51828020-518280201761242238575,??,Ą6.00,??(7939),????,4200002887202510241133756268,0000172518825297,/
2025-10-23 17:14:11,????,??????,POS?????????,??,Ą28.00,??(7939),????,4200002845202510236504883074,20251023171408215435,/
2025-10-23 17:12:17,????,??????,POS?????????,??,Ą13.00,??(7939),????,4200002860202510234650703001,20251023171213215427,/
2025-10-23 12:06:25,????,??????,POS?????????,??,Ą28.00,??(7939),????,4200002863202510231206761369,20251023120622214654,/
2025-10-22 22:21:55,????,??????,/,??,Ą38.20,??(7939),????,4431502267202510226002131874,11220600725102240467511218990,/
2025-10-22 22:10:12,????,??????,/,??,Ą7.99,??,????,4449702252202510220133978990,11220600725102232727990218990,/
2025-10-22 21:37:39,????,???????,????-???-M2403506000505022510220728152,??,Ą5.50,??(7939),????,4200002915202510223564837833,83620251022636505575,/
2025-10-22 17:14:05,????,??????,POS?????????,??,Ą16.00,??(7939),????,4200002866202510224535337672,20251022171402213307,/
2025-10-22 11:10:21,????,??????,POS?????????,??,Ą28.00,??(7939),????,4200002901202510223168882238,20251022111018211801,/
2025-10-21 17:22:50,????,??????,??????????-????202510216154641698918072390,??,Ą2.50,??,????,4200002851202510214889715216,20251021615464169891807239001,/
2025-10-21 11:28:42,????,??????,POS?????????,??,Ą28.00,??(7939),????,4200002853202510212838618741,20251021112839209665,/
2025-10-20 20:04:11,????,??????,??????????-????202510200366461698918072390,??,Ą6.00,??,????,4200002866202510209917660525,20251020036646169891807239001,/
2025-10-20 17:16:10,????,??????,POS?????????,??,Ą28.00,??(7939),????,4200002856202510209227096511,20251020171607208524,/
2025-10-20 15:29:45,??,ujin ??,????:????,??,Ą9.00,/,?????,1000050001202510200329190406365,/,/
2025-10-20 15:29:40,??,Tara,????:????,??,Ą9.00,/,?????,1000050001202510200529542975827,/,/
2025-10-20 15:29:30,????,??,????(??????)-??App-25102011100300001304152227072535,??,Ą24.20,??(7939),????,4200002883202510201174156437,20251020152921U44701110888203467,/
2025-10-20 11:25:48,????,??????,POS?????????,??,Ą28.00,??(7939),????,4200002897202510209936514301,20251020112544207145,/
2025-10-20 01:15:12,????,Erkhkhongor,/,??,Ą1.50,/,?????,1000039801000510207078629242032,1000039801202510207078629242032,/
2025-10-20 01:15:02,??,Steve,????:????,??,Ą25.50,???????(4401),?????,53010002161017202510201217016364,1000050001202510200620762552915,/
2025-10-19 23:01:37,????,??,????-25101911100300001304081063633535,??,Ą0.10,??,????,4200002951202510190736071839,20251019230130U58666584393223061,/
2025-10-19 21:09:55,????,???????,????-???-M2403506000505022510190854167,??,Ą5.00,??(7939),????,4200002866202510191576009405,83620251019365873160,/
2025-10-19 16:51:30,????,???,????310ml-51828020-518280201760863883054,??,Ą3.00,??(7939),????,4200002886202510190327505023,0003129918825292,/
2025-10-19 15:02:00,????,???????,????-???-M2403506000505022510190340582,??,Ą4.00,??(7939),????,4200002908202510195571911964,83620251019607833784,/
2025-10-19 14:29:33,??,Tara,????:????,??,Ą10.00,???????(4401),?????,53010002060161202510191355226522,1000050001202510190621284503362,/
2025-10-19 12:47:03,????,??????,/,??,Ą8.80,??(7939),????,4450302249202510194584395313,11120600725101964300770218990,/
2025-10-19 00:47:20,????,LAWSON,LAWSON?????177???,??,Ą19.90,??(7939),????,4200002888202510192146670160,693729830288,/
2025-10-18 22:58:03,????,???,????-pos1,??,Ą19.50,??(7939),????,4200002852202510187916676827,240303114113701,/
2025-10-17 22:15:16,????,???????,????-???-M2403506000505022510170919605,??,Ą7.50,??(7939),????,4200002864202510178153961952,83620251017957675668,/
2025-10-17 21:02:56,????,???????,????-???-M2403506000505022510170802042,??,Ą20.30,??(7939),????,4200002848202510175253181382,83620251017956890333,/
2025-10-17 19:21:59,????,???????,????-???-M2403506000505022510170609210,??,Ą6.00,??(7939),????,4200002848202510177112971144,83620251017955014209,/
2025-10-17 19:00:53,????,?????????????,?????????????,??,Ą34.00,??(7939),????,4200002812202510172196658251,7895005136862873,/
2025-10-17 17:01:11,????,???????,????-???-M2403506000505022510170376831,??,Ą10.00,??(7939),????,4200002853202510176163893950,83620251017676788699,/
2025-10-17 11:35:53,????,??????,POS?????????,??,Ą29.00,??(7939),????,4200002910202510179470230717,20251017113549204966,/
2025-10-17 11:08:17,????,??????,??????????-????202510170036301616982419476,??,Ą5.00,??(7939),????,4200002898202510175484811713,20251017003630161698241947601,/
2025-10-17 03:14:37,????,???????,????XP2325101703201613637534005516,??,Ą2.14,??(7939),????,4200002817202510170927108119,XP2325101703201613637534005516,/
2025-10-16 18:41:03,????,??????,??????????-????202510169943701616982419429,??,Ą2.50,??(7939),????,4200002761202510165276824549,20251016994370161698241942901,/
2025-10-16 17:50:39,????,??????,/,??,Ą2.90,??(7939),????,4411002586202510160212200490,11170600725101636166588218990,/
2025-10-16 17:50:10,????,??????,/,??,Ą2.90,??,????,4409302283202510167177536919,11170600725101687769949218990,/
2025-10-16 17:48:57,????,??????,/,??,Ą2.90,??,????,4446102574202510168259357570,11170600725101621312472218990,/
2025-10-16 17:03:05,????,???(????),?????-pos1,??,Ą5.50,??(7939),????,4200002849202510166117477562,200909191364101,/
2025-10-16 16:27:50,????,??????,POS?????????,??,Ą32.00,??(7939),????,4200002886202510164002796056,20251016162746203800,/
2025-10-16 10:13:07,????,7-ELEVEN??(??),7-ELEVEn??????,??,Ą16.90,??(7939),????,4200002865202510168563009270,692953364899,/
2025-10-15 21:19:35,????,???????,????-???-M2403506000505022510150856826,??,Ą46.30,??(7939),????,4200002902202510151898583044,83620251015305928039,/
2025-10-15 18:29:43,????,??????,??????????-????202510159165721616982419429,??,Ą3.00,??,????,4200002767202510157909320589,20251015916572161698241942901,/
2025-10-15 17:51:38,????,??????,POS?????????,??,Ą16.00,??(7939),????,4200002910202510158463796547,20251015175135201915,/
2025-10-15 17:49:44,????,??????,POS?????????,??,Ą28.00,??(7939),????,4200002783202510158010860204,20251015174940201905,/
2025-10-15 12:11:11,????,??????,POS?????????,??,Ą28.00,??(7939),????,4200002911202510153097611302,20251015121108200717,/
2025-10-14 18:04:13,????,??????,POS?????????,??,Ą16.00,??(7939),????,4200002769202510141453000273,20251014180410199432,/
2025-10-14 14:43:48,??,Tara,????:??,??,Ą9.00,/,?????,1000050001202510140525622718421,/,/
2025-10-14 14:08:52,????,??,??????????-??App-25101411100300001303202188438535,??,Ą23.90,??(7939),????,4200002807202510146130822535,20251014140837U98379520368963173,/
2025-10-14 11:27:11,????,??????,POS?????????,??,Ą12.00,??(7939),????,4200002767202510143157320006,20251014112708197851,/
2025-10-13 20:07:08,????,???????,????-???-M2403506000505022510130659214,??,Ą3.06,??(7939),????,4200002760202510130149946205,83620251013711914605,/
2025-10-13 17:09:36,????,??????,POS?????????,??,Ą28.00,??(7939),????,4200002767202510133550441487,20251013170933196691,/
2025-10-13 12:05:57,????,??????,NYUCard Print Fee,??,Ą150.00,??(7939),????,4200002838202510139274776269,20251013120548374mt8d,/
2025-10-13 11:19:28,????,??????,POS?????????,??,Ą29.00,??(7939),????,4200002782202510133219079966,20251013111924195277,/
2025-10-12 21:59:12,????,???????,????-???-M2403506000505022510120999753,??,Ą14.90,??(7939),????,4200002854202510126998883758,83620251012975160628,/
2025-10-12 11:12:56,????,??????,POS?????????,??,Ą28.00,??(7939),????,4200002775202510120061589597,20251012111252193138,/
2025-10-10 22:24:57,????,???????,????-???-M2403506000505022510100962315,??,Ą4.80,??(7939),????,4200002768202510105830405852,83620251010941248681,/
2025-10-10 21:54:24,????,??????,/,??,Ą26.81,??(7939),????,4403702262202510107531041348,11210600725101097867118218990,/
2025-10-10 20:55:44,????,???????,????-???-M2403506000505022510100836344,??,Ą2.00,??(7939),????,4200002843202510106129848997,83620251010333476679,/
2025-10-10 20:55:33,????,???????,????-???-M2403506000505022510100835264,??,Ą6.00,??(7939),????,4200002791202510100468116079,83620251010940391557,/
2025-10-10 14:02:28,????,??????,??????????-????202510103102091616982419429,??,Ą3.00,??(7939),????,4200002791202510106614299392,20251010310209161698241942901,/
2025-10-10 12:38:39,????,??????,POS?????????,??,Ą28.00,??(7939),????,4200002861202510100215581766,20251010123835191888,/
2025-10-10 02:57:26,????,???,????????????-51828020-518280201760036238917,??,Ą5.00,??(7939),????,4200002858202510106641485021,0000406818825283,/
2025-10-10 01:54:06,????,???,????-pos1,??,Ą8.80,??(7939),????,4200002854202510107345700418,240303113684201,/
2025-10-09 17:32:23,????,??????,POS?????????,??,Ą16.00,??(7939),????,4200002769202510099050424674,20251009173219190284,/
2025-10-09 12:43:10,????,??????,??????????-????202510092137571616982419429,??,Ą5.00,??,????,4200002775202510093572497756,20251009213757161698241942901,/
2025-10-09 12:21:37,????,??????,POS?????????,??,Ą32.00,??(7939),????,4200002844202510097230797963,20251009122133189430,/
2025-10-09 11:12:53,????,??????,POS?????????,??,Ą5.00,??(7939),????,4200002867202510095931616247,20251009111249188758,/
2025-10-08 20:29:52,????,?????????????,?????????????,??,Ą8.00,??(7939),????,4200002870202510083555152005,7895218432638765,/
2025-10-08 20:28:00,????,???????,????-???-M2403506000505022510080733287,??,Ą15.80,??(7939),????,4200002847202510084940324165,83620251008736682233,/
2025-10-08 17:31:36,????,??????,POS?????????,??,Ą22.00,??(7939),????,4200002859202510085216970031,20251008173133187925,/
2025-10-08 11:54:17,????,??,????????????31????-??App-25100811100300001302268707550535,??,Ą39.90,??(7939),????,4200002809202510081394268552,20251008115352U15985022526443733,/
2025-10-07 22:34:32,????,???????,????XP2425100722500165529099007146,??,Ą20.00,??(7939),????,4200002797202510074430226454,XP2425100722500165529099007146,/
2025-10-07 22:12:36,????,???????,????-???-M2403506000505022510070810103,??,Ą16.26,??(7939),????,4200002870202510073652183944,83620251007631514313,/
2025-10-07 18:08:43,????,??,??????????-??App-25100711100300001302167677800535,??,Ą6.90,??,????,4200002802202510076147462275,20251007180832U35007087494403671,/
2025-10-07 18:02:24,????,??,???????-??App-25100711100300001302164617101535,??,Ą13.80,??,????,4200002542202510072742860206,20251007180214U19140242596823910,/
2025-10-07 17:24:47,????,??????,POS?????????,??,Ą28.00,??(7939),????,4200002774202510076365478573,20251007172443185427,/
2025-10-07 12:27:35,????,??????,??????????-????202510077281391616982419429,??,Ą6.00,??,????,4200002783202510073363724812,20251007728139161698241942901,/
2025-10-07 11:41:30,????,??????,POS?????????,??,Ą28.00,??(7939),????,4200002851202510073085405557,20251007114127184192,/
2025-10-06 20:03:36,????,???????,????-???-M2403506000505022510060796313,??,Ą5.00,??(7939),????,4200002854202510064819595346,83620251006376328859,/
2025-10-06 19:09:57,??,ujin ??,????:????,??,Ą9.00,/,?????,1000050001202510061127743369593,/,/
2025-10-06 19:09:32,????,?????????????,?????????????,??,Ą18.00,??,????,4200002815202510066670415671,7895005393082065,/
2025-10-06 19:07:19,????,?????????????,?????????????,??,Ą15.20,??(7939),????,4200002844202510068345423258,7895218398378704,/
2025-10-06 18:29:08,??,Tara,????:??,??,Ą8.00,/,?????,1000050001202510060529894335563,/,/
2025-10-06 15:16:26,????,???????,????-???-M2403506000505022510060386173,??,Ą5.50,??(7939),????,4200002773202510066048849779,83620251006609880166,/
2025-10-06 13:40:48,????,???????,????-???-M2403506000505022510060292761,??,Ą8.10,??(7939),????,4200002787202510067063437580,83620251006967522778,/
2025-10-06 13:34:12,??,Tara,????:??,??,Ą14.00,/,?????,1000050001202510061025637587701,/,/
2025-10-06 13:34:07,??,ujin ??,????:????,??,Ą14.00,/,?????,1000050001202510060122305642205,/,/
2025-10-06 13:18:36,????,?????,??/????????-10064719799606851872070,??,Ą41.50,??(7939),????,4200002877202510064011188024,0461368606114930976504259,/
2025-10-05 18:24:34,????,POPEYES,Popeyes-???-POS1,??,Ą46.00,??,????,4200002842202510055980996655,3025100559868236294738,/
2025-10-05 16:48:16,????,???,????-pos1,??,Ą2.00,??(7939),????,4200002765202510053363342332,240303113473701,/
2025-10-05 14:08:10,????,???????,????-???-M2403506000505022510050301538,??,Ą3.50,??(7939),????,4200002855202510055941394891,83620251005949166883,/
2025-10-05 13:37:06,????,?????????????,?????????????,??,Ą15.20,??(7939),????,4200002853202510054987739136,7895005382309818,/
2025-10-05 02:03:02,????,??,???????,??,Ą6.00,??(7939),????,4200002864202510059913098860,SXA1O99237851728,/
2025-10-04 21:58:09,????,???????,????-???-M2403506000505022510040694756,??,Ą15.80,??(7939),????,4200002855202510048634189261,83620251004940208853,/
2025-10-04 19:55:24,?????,Uranmaa,?????:?????,??,Ą3.00,??,???,10001073012025100401261279941626,/,/
2025-10-04 19:55:02,?????,Uranmaa,?????:?????,??,Ą32.00,??,???,10001073012025100401790118372598,/,/
2025-10-04 19:53:53,????,???by????????,??/????????-10044719799534113642466,??,Ą70.00,??(7939),????,4200002831202510040716299877,0461368606111255862207872,/
2025-10-04 19:13:41,????,K-MART,???????400g-?,??,Ą29.60,??(7939),????,4200002765202510049003050352,202510049T897029385363340210100,/
2025-10-04 17:46:17,????,???????,?????402974,??,Ą41.90,??(7939),????,4200002859202510043263449960,251004119271522682,/
2025-10-04 17:36:43,????,???????,????-???-M2403506000505022510040388576,??,Ą9.80,??(7939),????,4200002857202510048115163414,83620251004341669610,/
2025-10-02 15:07:19,????,??????,/,??,Ą9.80,??,????,4427302577202510027221890906,11150600725100215118341218990,/
2025-09-29 06:09:44,??????-??,??????,??????,??,Ą0.01,??,?????,50103004592025092943064977230,,/
2025-09-28 00:04:32,????,????,??-??????????440ml,??,Ą6.00,??,????,4200002870202509281770081009,9000221223025271,/
2025-09-27 16:10:55,????,Ari,/,??,Ą7.00,/,?????,1000039901000509277203133064016,1000039901202509277203133064016,/
2025-09-27 16:10:47,??,Tara,????:????,??,Ą24.00,/,?????,1000050001202509270425223458659,/,/
2025-09-27 13:57:15,????,???,????-pos1,??,Ą14.90,??(7939),????,4200002861202509275756614080,240303113182201,/
2025-09-27 13:15:48,????,???????,????-???-M2403506000505022509270260846,??,Ą4.80,??(7939),????,4200002765202509274724782849,83620250927659597750,/
2025-09-26 21:54:40,????,???????,????-???-M2403506000505022509260904025,??,Ą25.60,??(7939),????,4200002866202509264832000884,83620250926996848700,/
2025-09-26 14:13:46,????,???,???????????                ,??,Ą13.90,??(7939),????,4200002849202509265344240666,22891688994613923840,/
2025-09-25 21:27:11,??????,Tselmeg Bayarjargal,?????:?????,??,Ą11.70,??,???,53110000678171202509253632189337,10001073012025092501151825457508,/
2025-09-25 18:28:37,????,??????,??????????-????202509250746191616982419429,??,Ą5.00,??,????,4200002868202509258480567140,20250925074619161698241942901,/
2025-09-25 16:30:04,????,??,????(????????)??????-?????????-25092511100300001300124981036535,??,Ą30.00,??(7939),????,4200002800202509255669006941,20250925162957U00362707149943233,/
2025-09-24 22:18:58,????,???????,????-???-M2403506000505022509240861078,??,Ą21.10,??(7939),????,4200002854202509248882483803,83620250924711684288,/
2025-09-24 12:32:17,????,Tsolmon Khurelbaatar,/,??,Ą7.00,/,?????,1000039901000509247403835578014,1000039901202509247403835578014,/
2025-09-24 12:05:30,????,??????,POS?????????,??,Ą28.00,??(7939),????,4200002775202509246994272961,20250924120527178109,/
2025-09-23 11:36:39,????,??????,POS?????????,??,Ą28.00,??(7939),????,4200002863202509236221243235,20250923113636175273,/
2025-09-22 18:31:25,????,Tsolmon Khurelbaatar,/,??,Ą5.00,/,?????,1000039801000509227206628075007,1000039801202509227206628075007,/
2025-09-22 17:58:04,????,???????,????-???-M2403506000505022509220447436,??,Ą9.00,??(7939),????,4200002866202509221910348033,83620250922924573462,/
2025-09-22 12:26:44,????,??????,POS?????????,??,Ą13.00,??(7939),????,4200002781202509225189561102,20250922122641173128,/
2025-09-21 21:15:59,????,???????,????-???-M2403506000505022509210967680,??,Ą5.00,??(7939),????,4200002846202509210007650920,83620250921345603332,/
2025-09-21 20:55:59,????,?????????????,?????????????,??,Ą8.00,??(7939),????,4200002859202509217336255098,7895213765033437,/
2025-09-21 19:02:43,????,??,?????????????????????(??)-????????-2509211110030000130958177973953,??,Ą3.90,??,????,4200002541202509210699651907,20250921190238U88945542555313390,/
2025-09-21 19:00:46,??????-??,??????,??????,??,Ą3.90,??,?????,50103604792025092106656545379,,/
2025-09-21 18:45:41,????,??,???????????????-??App-25092111100300001309581574087535,??,Ą3.90,??,?????,4200002803202509215998574190,20250921184531U45981607077543516,/
2025-09-21 06:03:41,????,???,?????-51828020-518280201758405816729,??,Ą2.50,??,????,4200002759202509214976629472,0000594618825264,/
2025-09-21 02:25:04,????,??,???????,??,Ą19.50,??(7939),????,4200002866202509210710625885,SXA1O98370101028,/
2025-09-21 00:48:03,????,Habibi,????909700204580628261,??,Ą35.00,??(7939),????,4200002868202509217460227550,0461368606080915292308440,/
2025-09-20 20:53:15,????,???????,????-???-M2403506000505022509200865480,??,Ą22.30,??(7939),????,4200002775202509204003802498,83620250920992658203,/
2025-09-20 19:41:22,????,???????,????-???-M2403506000505022509200755068,??,Ą9.60,??(7939),????,4200002853202509201159386224,83620250920991248787,/
2025-09-19 18:27:35,????,??????,/,??,Ą20.52,??,????,4433202584202509199812059359,11180600725091996171377218990,/
2025-09-19 17:03:55,????,??,???????,??,Ą6.50,??(7939),????,4200002855202509192537272890,SXA1O98286486228,/
2025-09-19 12:52:17,????,??????,POS?????????,??,Ą28.00,??(7939),????,4200002759202509198059771922,20250919125213171099,/
2025-09-18 18:39:40,????,???(????),?????-pos1,??,Ą11.80,??(7939),????,4200002869202509188250201652,200909190338001,/
2025-09-17 23:09:40,??,Tara,????:????,??,Ą12.50,??,?????,53010002058150202509172734879791,1000050001202509171127163828671,/
2025-09-17 21:50:43,????,???????,????-???-M2403506000505022509170913423,??,Ą4.80,??(7939),????,4200002792202509174809344995,83620250917383160485,/
2025-09-17 19:11:15,??,Tara,????:????,??,Ą43.00,/,?????,1000050001202509171020008786484,/,/
2025-09-17 16:20:05,????,????,??????-???-09?17???,??,Ą33.70,??,????,4200002869202509174093978581,212_202509178439009001830121,/
2025-09-17 16:08:18,????,sydney,/,??,Ą34.00,/,?????,1000039901000509177015409578028,1000039901202509177015409578028,/
2025-09-17 15:38:45,????,??????????,?????:0001300100817580946903737905,??,"Ą1,000.00",???????(4401),????,4200002828202509171219735627,4QCAFyxOq8yhxKK5DFkWPNONpLrH,/
2025-09-16 20:34:10,????,???????,????-???-M2403506000505022509160789105,??,Ą5.00,??(7939),????,4200002846202509165828995431,83620250916367321344,/
2025-09-16 18:26:08,????,??????,POS?????????,??,Ą16.00,??(7939),????,4200002851202509164101826153,20250916182604164242,/
2025-09-16 14:52:48,????,??,??????????-??App-25091611100300001308722840196535,??,Ą1.90,???????(4401),????,4200002837202509168788952774,20250916145236U40442605282503925,/
2025-09-16 11:51:37,????,??????,POS?????????,??,Ą28.00,??(7939),????,4200002869202509167504960690,20250916115134162751,/
2025-09-16 00:26:48,????,???,????????????-51828020-518280201757953603267,??,Ą5.00,??,????,4200002779202509162709027510,0000228218825259,/
2025-09-15 18:19:57,??,sydney,????:????,??,Ą20.00,???????(4401),?????,53010001968049202509153955262613,1000050001202509150422866433542,/
2025-09-15 16:17:48,????,??????,??????????-????202509157532921616982419429,??,Ą2.50,??,????,4200002852202509156153287413,20250915753292161698241942901,/
2025-09-15 15:03:02,????,???,???????????                ,??,Ą39.90,??(7939),????,4200002870202509150998902494,22887715124689080320,/
2025-09-14 21:39:35,????,???????,????-???-M2403506000505022509141059076,??,Ą21.60,??(7939),????,4200002761202509148518032135,83620250914988731309,/
2025-09-14 18:49:52,??,Tara,????:????,??,Ą7.00,/,?????,1000050001202509141127679191879,/,/
2025-09-14 18:31:49,??????-??,??????,??????,??,Ą5.40,???????(4401),?????,50103304482025091414024161916,,/
2025-09-14 18:31:22,??????-??,??????,??????,??,Ą7.20,???????(4401),?????,50103304482025091435494607289,,/
2025-09-14 18:24:41,????,??,????-25091411100300001308452749808535,??,Ą12.60,???????(4401),?????,4200002807202509149144200708,20250914182428U25877129708313990,/
2025-09-14 18:17:34,????,??,????-??App-25091411100300001308452242269535,??,Ą0.01,??,?????,4200002796202509149705689708,20250914181729U08260464231863361,/
2025-09-14 17:43:15,????,??APP????,????,??,Ą599.00,???????(4401),????,4200002878202509141330474021,572509141967161481930975195,/
2025-09-14 14:28:31,????,???????,????-???-M2403506000505022509140386703,??,Ą5.00,??(7939),????,4200002761202509140312085002,83620250914979667797,/
2025-09-14 13:37:31,????,?????????????,?????????????,??,Ą32.30,??(7939),????,4200002851202509142195275204,7895007020484543,/
2025-09-14 04:29:15,????,???,????????????-51828020-518280201757795348114,??,Ą5.00,??(7939),????,4200002852202509148003807610,0000562718825257,/
2025-09-14 00:09:11,????,???,????-pos1,??,Ą17.00,??(7939),????,4200002793202509146208060497,240303112495001,/
2025-09-13 12:54:18,????,????????????????,12133-??-???-????,??,Ą9.90,??,????,4200002794202509139528151213,7895213094091313,/
2025-09-13 00:50:17,????,???,????-pos1,??,Ą13.00,??(7939),????,4200002771202509139805599645,240303112445201,/
2025-09-12 20:29:02,????,????,??????-???-09?12???,??,Ą29.30,??(7939),????,4200002845202509124375185508,212_202509128435721901355845,/
2025-09-12 15:50:08,????,??????,??????????-????202509122960921616982419429,??,Ą2.50,??,????,4200002868202509121867979538,20250912296092161698241942901,/
2025-09-11 23:09:57,????,????,??????-???-09?11???,??,Ą29.90,??(7939),????,4200002794202509119696359907,212_202509118434608001259782,/
2025-09-11 17:23:39,????,??????,??????????-????202509117398321616982419429,??,Ą3.00,??,????,4200002771202509115245448893,20250911739832161698241942901,/
2025-09-11 16:56:51,????,??????,POS?????????,??,Ą22.00,??(7939),????,4200002764202509118220519550,20250911165647156148,/
2025-09-11 11:20:33,????,?????,???????-?????-2511307997180043276,??,Ą25.00,??(7939),????,4200002792202509115196553510,04356903026201255653998918209568,/
2025-09-10 18:34:49,????,???????,????-???-M2403506000505022509100519716,??,Ą12.50,??(7939),????,4200002761202509109745287491,83620250910691792878,/
2025-09-10 12:15:15,????,??????,POS?????????,??,Ą25.00,??(7939),????,4200002865202509100719751670,20250910121511152601,/
2025-09-09 01:21:17,????,???,????-pos1,??,Ą6.20,??(7939),????,4200002859202509094398690486,240303112246001,/
2025-09-08 18:20:47,????,???Hey Guac·??????,????909700204177877007,??,Ą26.40,??(7939),????,4200002862202509080701065761,0461368606055617480802079,/
2025-09-08 15:47:32,????,??????,??????????-????202509084776621616982419429,??,Ą6.00,??,????,4200002865202509084785916546,20250908477662161698241942901,/
2025-09-08 15:43:21,????,????,??????-???-09?08???,??,Ą14.50,??,????,4200002865202509083711013537,210_202509088431151601467965,/
2025-09-08 15:29:16,?????,Tara,?????:?????,??,Ą8.00,??,???,10001073012025090800395435546118,/,/
2025-09-07 22:44:36,????,???,????-pos1,??,Ą3.80,??(7939),????,4200002779202509076891308331,240303112186801,/
2025-09-07 21:53:28,????,?????????????,???????,??,Ą16.90,??(7939),????,4200002842202509072375104070,20250907110113130266222542735901,/
2025-09-07 21:04:54,????,???,???????????                ,??,Ą15.90,??(7939),????,4200002791202509071037266053,22884907090724098048,/
2025-09-07 17:49:25,????,???????,?????????,??,Ą70.53,??(7939),????,4200002794202509074248735845,WP3104180172514490907,/
2025-09-06 22:59:54,??????,????????,?????:?????,??,Ą17.00,??(7939),???,53110000552232202509064177799209,10001073012025090601044714705595,/
2025-09-06 21:48:12,????,???,????-pos1,??,Ą6.80,??(7939),????,4200002762202509060045982181,240303112123901,/
2025-09-06 21:44:36,????,???????,????-???-M2403506000505022509061026757,??,Ą12.80,??(7939),????,4200002869202509069616463832,83620250906944814642,/
2025-09-06 19:40:50,????,???????,????-???-M2403506000505022509060788686,??,Ą13.80,??(7939),????,4200002857202509067785650505,83620250906629376625,/
2025-09-06 16:32:03,????,???????,????-???-M2403506000505022509060473400,??,Ą19.76,??(7939),????,4200002858202509062843342039,83620250906937901250,/
2025-09-06 07:04:34,????,???,????????????,??,Ą14.00,??(7939),????,4200002843202509063545551174,22884333222410162176,/
2025-09-06 01:04:48,????,??,???????,??,Ą7.70,??(7939),????,4200002776202509067743116335,SXA1O106836618625,/
2025-09-06 00:53:47,????,??,???????,??,Ą34.00,??(7939),????,4200002786202509069119089015,SXA1O106836441225,/
2025-09-05 22:01:53,????,???????,????-???-M2403506000505022509050920347,??,Ą12.80,??(7939),????,4200002858202509051196903675,83620250905705239670,/
2025-09-05 18:58:37,????,???????,????-???-M2403506000505022509050606000,??,Ą35.10,??(7939),????,4200002864202509057148291862,83620250905611121871,/
2025-09-05 16:50:24,????,????MUJI,????MUJI-?????-POS1,??,Ą47.00,??(7939),????,4200002762202509057326059106,X5000171442509050334S545518,/
2025-09-05 15:20:53,????,??,???????,??,Ą4.00,??(7939),????,4200002862202509058111953494,SXA1O97332466028,/
2025-09-05 14:24:35,????,SUBWAY,6????????????,??,Ą32.00,??(7939),????,4200002771202509052674463496,2509055186764301939,/
2025-09-04 22:35:09,????,???,????-pos1,??,Ą3.85,??(7939),????,4200002778202509048776887184,240303112014201,/
2025-09-04 17:20:24,????,??7-ELEVEN,7-ELEVEn??????,??,Ą3.80,??(7939),????,4200002862202509041097482508,680528619299,/
2025-09-04 16:33:24,????,???·????·????,????909700204036625639,??,Ą38.00,??(7939),????,4200002860202509047114743789,0461368606046859990904184,/
2025-09-03 21:53:10,????,???????,????-???-M2403506000505022509030829237,??,Ą9.50,??(7939),????,4200002857202509035717665397,83620250903770532040,/
2025-09-03 19:48:31,????,???,Dominos1280494595359670272_95526,??,Ą54.60,??(7939),????,4200002750202509039504993933,20250903PW91468,/
2025-09-03 15:35:24,????,??7-ELEVEN,7-ELEVEn??????,??,Ą5.50,??(7939),????,4200002787202509032090599610,680135062999,/
2025-09-03 14:54:09,????,???,???????????                ,??,Ą15.90,??(7939),????,4200002851202509030708480569,22883364235387977728,/
2025-09-03 12:32:21,??????-??,??????,??????,??,Ą10.00,??(7939),?????,50301404772025090361370596651,,/
2025-09-03 12:32:04,????,??????,POS?????????,??,Ą5.00,??(7939),????,4200002760202509036987491433,20250903123201139494,/
2025-09-03 12:31:32,????,??????,POS?????????,??,Ą10.00,??(7939),?????,4200002791202509035552970534,20250903123128139484,/
2025-09-02 12:23:50,????,???(????),?????-pos1,??,Ą5.50,??(7939),????,4200002788202509026809281579,200909189641101,/
2025-09-02 11:34:43,????,??????,POS?????????,??,Ą28.00,??(7939),????,4200002763202509023386866634,20250902113439135836,/
2025-08-31 20:27:31,????,????????????,15824209263(??????WM),??,Ą239.00,??(7939),????,4200002742202508314133935123,03232508317364275911614,/
2025-08-31 18:38:23,????,????MUJI,????MUJI-????????-POS1,??,Ą78.00,??(7939),????,4200002776202508319568190137,X5002801012508310513S873000,/
2025-08-31 17:08:36,????,???,???,??,Ą1.00,??(7939),????,4200002773202508312492908400,100158110959000082508310748453,/
2025-08-31 16:39:00,????,???,??,??,Ą179.00,??(7939),????,4200002789202508310347353206,100158110775000572508310521532,/
2025-08-31 14:20:30,????,???,??,??,Ą10.00,??(7939),????,4200002729202508319797361844,HMP2508310007803439399575552,/
2025-08-31 13:11:59,????,13DE MARZO CAFÉ,??-13DE MARZO CAFÉ ??????,??,Ą29.00,??(7939),????,4200002798202508316876591177,f4eea832814a449eb9078f287b9b328d,/
2025-08-30 14:40:37,????,???(????),?????-pos1,??,Ą5.50,??(7939),????,4200002774202508306320310622,200909189535701,/
2025-08-30 00:59:00,??,Hi,????:????,??,Ą92.00,???????(4401),?????,53010001967211202508303071392124,1000050001202508301125494483493,/
2025-08-29 20:16:30,?????,Naransuvd,?????:?????,??,Ą28.50,??,???,10001073012025082901169496920649,/,/
2025-08-29 20:15:37,????,??????,?TACO BELL·????·??(?????)?TAC…-???????-25082911100300001305848590198535,??,Ą57.65,???????(4401),????,4200002795202508295312991598,20250829201517U22674419222063219,???Ą5.00
2025-08-29 19:46:35,????,????,??????-???-08?29???,??,Ą14.60,??(7939),????,4200002718202508299133852445,212_202508298423877601761712,/
2025-08-29 18:33:45,????,????MUJI,????MUJI-?????-POS1,??,Ą32.00,??(7939),????,4200002760202508297970903137,X5001991442508290933S442159,/
2025-08-29 12:15:17,????,??????,POS?????????,??,Ą28.00,??(7939),????,4200002784202508297477766687,20250829121513130981,/
2025-08-29 10:51:32,????,??,???????,??,Ą21.30,??(7939),????,4200002736202508298235436723,SXA1O96857337428,/
2025-08-28 21:36:33,????,???????,????-???-M2403506000505022508280850311,??,Ą5.50,??(7939),????,4200002725202508280710080746,83620250828746284590,/
2025-08-28 16:10:17,????,???????,????-???-M2403506000505022508280296883,??,Ą41.73,??(7939),????,4200002773202508289712014913,83620250828350169152,/
2025-08-28 11:27:39,????,??????,POS?????????,??,Ą28.00,??(7939),????,4200002784202508285022934303,20250828112736128882,/
2025-08-28 11:03:00,????,??????,POS?????????,??,Ą5.00,??(7939),????,4200002764202508289023532658,20250828110256128718,/
2025-08-28 10:40:18,????,??????,POS?????????,??,Ą5.00,??(7939),????,4200002788202508289136003242,20250828104014128674,/
2025-08-28 08:28:45,????,????????????,????????????-??,??,Ą524.00,??(7939),????,4200002717202508284414641178,0001806249329999ws8sv,/
2025-08-27 18:11:17,????,???,???????????                ,??,Ą41.00,??(7939),????,4200002779202508279735352380,22880877128874561536,/
2025-08-27 11:49:29,????,??????,POS?????????,??,Ą28.00,??(7939),????,4200002742202508276362031363,20250827114925127665,/
2025-08-27 00:38:27,??,?app???-????-????,/,??,Ą1.50,/,???,139577920225082710107004511541680092124289081,1200014938903250827030208069008595332602,?app???-????-????
2025-08-26 22:05:57,????,???,????-pos1,??,Ą4.00,??(7939),????,4200002791202508268563471497,240303111554201,/
2025-08-26 18:48:16,????,????,??????-???-08?26???,??,Ą12.98,??(7939),????,4200002736202508267691004780,210_202508268421331701777349,/
2025-08-26 17:16:36,????,????,??????-???-08?26???,??,Ą9.50,??(7939),????,4200002773202508261091041362,210_202508268421251401001733,/
2025-08-26 16:53:06,????,??????,/,??,Ą29.99,??(7939),????,4406102273202508269003820167,11160600725082613786018218990,/
2025-08-26 09:21:55,????,??????,??????????-????202508266223311616982419429,??,Ą5.00,??(7939),????,4200002743202508268944999430,20250826622331161698241942901,/
2025-08-26 07:55:30,????,????,????-???,??,Ą12.00,??(7939),????,4200002792202508269322926613,105_202508268420862701083855,/
2025-08-25 08:51:24,????,??????,Campus Card Top Up,??,Ą100.00,??(7939),????,4200002794202508256660802642,20250825085110001302,/
2025-08-25 07:21:39,????,????,??????-???-08?25???,??,Ą16.00,??(7939),????,4200002718202508251371780076,210_202508258420106201888140,/
2025-08-23 20:17:06,????,??????????,LP-????2020.01.04??????-B00292,??,Ą30.00,??(7939),????,4200002742202508231328537176,WX202508232016550047000000,/
